RouteCode,RouteStart,RouteEnd
1,ITAPECERICA DA SERRA (PARQUE PARAISO),SAO PAULO (METRO CAPAO REDONDO)
2,EMBU DAS ARTES (ENGENHO VELHO),SAO PAULO (METRO CAPAO REDONDO)
3,GUARULHOS (COCAIA),SAO PAULO (METRO TUCURUVI)
4,SAO BERNARDO DO CAMPO (PARQUE ALVARENGA),SAO PAULO (TERMINAL SACOMA)
6,SAO BERNARDO DO CAMPO (JARDIM NAZARETH),SAO PAULO (TERMINAL SACOMA)
8,SAO CAETANO DO SUL (NOVA GERTI),SAO PAULO (TERMINAL SACOMA)
11,GUARULHOS (PARQUE CONTINENTAL II),SAO PAULO (METRO ARMENIA)
011PR1,GUARULHOS (PARQUE CONTINENTAL III),SAO PAULO (METRO ARMENIA)
12,EMBU-GUACU (VILA DIRCE),SAO PAULO (TERMINAL GRAJAU)
14,FRANCO DA ROCHA (PARQUE VITORIA),CAIEIRAS (TERMINAL RODOVIARIO ALIPIO MARTINHO)
16,GUARULHOS (TERMINAL METROPOLITANO TABOAO),SAO PAULO (METRO ARMENIA)
20,CARAPICUIBA (VILA DIRCE),OSASCO (VILA YARA)
22,CARAPICUIBA (VILA DIRCE),OSASCO (VILA YARA)
23,CARAPICUIBA (COHAB V),OSASCO (VILA YARA)
24,ITAPEVI (JARDIM AMADOR BUENO),COTIA (TERMINAL METROPOLITANO DE COTIA)
25,SUZANO (CIDADE EDSON),MOGI DAS CRUZES (ESTACAO CPTM ESTUDANTES)
27,SANTO ANDRE (TERMINAL METROPOLITANO SANTO ANDRE-LESTE),SAO PAULO (JARDIM TIETE)
027EX1,SANTO ANDRE (HOSPITAL MARIO COVAS),SAO PAULO (JARDIM TIETE)
30,JUQUITIBA (BARNABES),ITAPECERICA DA SERRA (VALO VELHO)
030BI1,JUQUITIBA (BAIRRO DOS JUSTINOS),ITAPECERICA DA SERRA (VALO VELHO)
31,EMBU-GUACU (CHACARA FLORIDA),ITAPECERICA DA SERRA (VALO VELHO)
32,ITAPECERICA DA SERRA (PARQUE PARAISO),SAO PAULO (METRO VILA SONIA)
032DV1,ITAPECERICA DA SERRA (PARQUE PARAISO),SAO PAULO (METRO VILA SONIA)
33,EMBU DAS ARTES (ENGENHO VELHO),SAO PAULO (METRO VILA SONIA)
34,ITAPECERICA DA SERRA (JARDIM SAO MARCOS),ITAPECERICA DA SERRA (JARDIM DAS OLIVEIRAS)
35,COTIA (MIRANTE DA MATA),SAO PAULO (METRO BUTANTA)
36,VARGEM GRANDE PAULISTA (JARDIM SAO MARCOS),SAO PAULO (METRO MORUMBI)
036BI1,EMBU DAS ARTES (JARDIM TOME),SAO PAULO (METRO MORUMBI)
38,MOGI DAS CRUZES (ESTACAO CPTM ESTUDANTES),SAO PAULO (METRO ARMENIA)
038VP1,SAO PAULO (SAO MIGUEL PAULISTA),SAO PAULO (METRO ARMENIA)
39,SUZANO (CIDADE EDSON),MOGI DAS CRUZES (ESTACAO CPTM ESTUDANTES)
40,SANTO ANDRE (PARANAPIACABA),SANTO ANDRE (ESTACAO CPTM PREFEITO SALADINO)
040EX1,SANTO ANDRE (PARQUE ANDREENSE),SANTO ANDRE (ESTACAO CPTM PREFEITO SALADINO)
41,RIO GRANDE DA SERRA (CENTRO),RIBEIRAO PIRES (TERMINAL RODOVIARIO DE RIBEIRAO PIRES)
42,MAIRIPORA (DIVISA),SAO PAULO (TERMINAL RODOVIARIO TIETE)
042VP1,MAIRIPORA (TERMINAL RODOVIARIO SIGUEMI AIACYDA),SAO PAULO (TERMINAL RODOVIARIO TIETE)
43,SAO CAETANO DO SUL (TERMINAL RODOVIARIO NICOLAU DELIC),SANTO ANDRE (CATA PRETA)
043BI1,SAO CAETANO DO SUL (TERMINAL RODOVIARIO NICOLAU DELIC),SANTO ANDRE (REPRESA)
47,SANTO ANDRE (VILA PALMARES),SAO PAULO (TAMANDUATEI)
49,MAIRIPORA (TERMINAL RODOVIARIO SIGUEMI AIACYDA),FRANCO DA ROCHA (CENTRO)
50,SAO BERNARDO DO CAMPO (TERMINAL METROPOLITANO FERRAZOPOLIS),SAO PAULO (SAUDE)
050EX1,SAO BERNARDO DO CAMPO (TERMINAL METROPOLITANO FERRAZOPOLIS),SAO PAULO (CAMPO BELO)
51,DIADEMA (VILA SAO JOSE),SAO PAULO (SAUDE)
52,OSASCO (JARDIM ELVIRA),SAO PAULO (LAPA)
53,BARUERI (PARQUE IMPERIAL),SAO PAULO (LAPA)
053BI1,OSASCO (JARDIM COLINAS D OESTE),SAO PAULO (LAPA)
54,CAJAMAR (JORDANESIA),SAO PAULO (LAPA)
55,CAJAMAR (CTE - VILA NOVA),SAO PAULO (LAPA)
56,EMBU DAS ARTES (CENTRO),SAO PAULO (METRO CAMPO LIMPO)
58,OSASCO (TERMINAL RODOVIARIO HELENA MARIA),SAO PAULO (PINHEIROS)
59,OSASCO (CONJUNTO DOS METALURGICOS),SAO PAULO (METRO BUTANTA)
059PR1,CARAPICUIBA (JARDIM NOVO HORIZONTE),SAO PAULO (METRO BUTANTA)
60,OSASCO (OLARIA DO NINO),SAO PAULO (METRO BUTANTA)
060BI1,OSASCO (JARDIM SANTA MARIA),SAO PAULO (METRO BUTANTA)
61,CARAPICUIBA (JARDIM GUAPIUVA),SAO PAULO (METRO BUTANTA)
63,RIBEIRAO PIRES (OURO FINO PAULISTA),SAO PAULO (TERMINAL SACOMA)
063EX1,RIO GRANDE DA SERRA (SANTA TEREZA),SAO PAULO (TERMINAL SACOMA)
64,MAUA (JARDIM GUAPITUBA),SAO CAETANO DO SUL (BAIRRO SANTO ANTONIO)
66,SANTO ANDRE (JARDIM LAS VEGAS),SAO PAULO (TERMINAL SACOMA)
68,TABOAO DA SERRA (PARQUE LAGUNA),SAO PAULO (METRO VILA SONIA)
69,SANTO ANDRE (TERMINAL METROPOLITANO SANTO ANDRE LESTE),SAO PAULO (FABRICA TROL)
70,SANTO ANDRE (TERMINAL METROPOLITANO SANTO ANDRE LESTE),SAO PAULO (FABRICA TROL)
73,GUARULHOS (NOVA BONSUCESSO),SAO PAULO (SAO MIGUEL PAULISTA)
75,ARUJA (PARQUE RODRIGO BARRETO),SAO PAULO (SAO MIGUEL PAULISTA)
76,ITAQUAQUECETUBA (TERMINAL URBANO ENGENHEIRO MANOEL FEIO),SAO PAULO (METRO BRAS)
77,GUARULHOS (VILA ANY),SAO PAULO (METRO BRAS)
78,EMBU DAS ARTES (PARQUE PIRAJUSSARA),SAO PAULO (METRO VILA SONIA)
79,TABOAO DA SERRA (JARDIM SAO JUDAS TADEU),SAO PAULO (METRO VILA SONIA)
80,OSASCO (JARDIM BONANCA),SAO PAULO (PINHEIROS)
82,PIRAPORA DO BOM JESUS (JARDIM BOM JESUS),OSASCO (VILA YARA)
082BI1,PIRAPORA DO BOM JESUS (IGAVETA),OSASCO (VILA YARA)
082DV1,PIRAPORA DO BOM JESUS (JARDIM BOM JESUS),OSASCO (VILA YARA)
84,FRANCO DA ROCHA (PARQUE VITORIA),FRANCISCO MORATO (CENTRO)
85,SANTANA DE PARNAIBA (PARQUE SANTANA),SAO PAULO (LAPA)
085VP1,SANTANA DE PARNAIBA (PARQUE SANTANA),OSASCO (ESTACAO)
86,OSASCO (JARDIM VELOSO),SAO PAULO (LAPA)
086PR1,CARAPICUIBA (JARDIM GUAPIUVA),SAO PAULO (LAPA)
87,SANTO ANDRE (TERMINAL METROPOLITANO SANTO ANDRE-LESTE),SAO PAULO (METRO ITAQUERA)
88,POA (TERMINAL RODOVIARIO PEDRO FAVA - CIDADE KEMEL),SAO PAULO (ESTACAO CPTM  ITAIM PAULISTA)
89,TABOAO DA SERRA (JARDIM SAO JUDAS TADEU),SAO PAULO (METRO VILA SONIA)
90,EMBU DAS ARTES (TERMINAL CASA BRANCA),SAO PAULO (METRO VILA SONIA)
91,SAO LOURENCO DA SERRA (VILA RITA SOARES),ITAPECERICA DA SERRA (PARQUE PARAISO)
93,GUARULHOS (TERMINAL METROPOLITANO VILA GALVAO),SAO PAULO (METRO CARRAO)
94,GUARULHOS (COCAIA),SAO PAULO (PENHA)
95,GUARULHOS (TERMINAL METROPOLITANO TABOAO),SAO PAULO (METRO BRAS)
96,GUARULHOS (HAROLDO VELOSO),SAO PAULO (METRO BRAS)
100,GUARULHOS (PARQUE PRIMAVERA),SAO PAULO (PENHA)
100BI1,GUARULHOS (JARDIM DOS EUCALIPTOS),SAO PAULO (PENHA)
101,SAO CAETANO DO SUL (VILA PROSPERIDADE),SAO PAULO (VILA DAS OLARIAS)
102,SAO CAETANO DO SUL (BAIRRO FUNDACAO),SAO PAULO (IV CENTENARIO)
103,GUARULHOS (PARQUE CONTINENTAL),SAO PAULO (METRO PARADA INGLESA)
104,GUARULHOS (BOM CLIMA),SAO PAULO (METRO TUCURUVI)
105,GUARULHOS (JARDIM MOREIRA),SAO PAULO (METRO TUCURUVI)
107,SANTO ANDRE (TERMINAL METROPOLITANO SANTO ANDRE-LESTE),SAO PAULO (JARDIM ESTHER)
110,GUARULHOS (COCAIA),SAO PAULO (METRO TUCURUVI)
111,GUARULHOS (JARDIM LEDA),SAO PAULO (METRO PARADA INGLESA)
112,DIADEMA (TERMINAL METROPOLITANO PIRAPORINHA),SAO PAULO (SANTO AMARO)
113,OSASCO (JARDIM SANTA FE),SAO PAULO (LAPA)
114,FERRAZ DE VASCONCELOS (PARQUE SAO FRANCISCO),MOGI DAS CRUZES (ESTACAO CPTM ESTUDANTES)
115,ARUJA (CENTRO),GUARULHOS (JARDIM SANTA MENA)
116,BARUERI (CENTRO),SAO PAULO (METRO ARMENIA)
117,RIBEIRAO PIRES (TERMINAL RODOVIARIO DE RIBEIRAO PIRES),SANTO ANDRE (ELCLOR)
120,CAJAMAR (VAU NOVO),SAO PAULO  (PERUS)
120PR1,CAJAMAR (LAGO AZUL),SAO PAULO (PERUS)
121,GUARULHOS (TERMINAL METROPOLITANO TABOAO),SAO PAULO (PENHA)
122,BARUERI (PETROBRAS),OSASCO (VILA YARA)
123,SAO CAETANO DO SUL (TERMINAL RODOVIARIO NICOLAU DELIC),SAO PAULO (TERMINAL SACOMA)
124,EMBU DAS ARTES (JARDIM SANTO EDUARDO),SAO PAULO (METRO VILA SONIA)
125,EMBU DAS ARTES (JARDIM SAO MARCOS),SAO PAULO (METRO VILA SONIA)
125BI1,EMBU DAS ARTES (JARDIM NOSSA SENHORA DE FATIMA),SAO PAULO (METRO VILA SONIA)
128,EMBU DAS ARTES (JARDIM DO COLEGIO),SAO PAULO (METRO VILA SONIA)
130,JANDIRA (JARDIM NOSSA SENHORA DE FATIMA),OSASCO (VILA YARA)
133,ITAPEVI (COHAB/JARDIM PAULISTA),OSASCO (VILA YARA)
133BI1,ITAPEVI (VILA GIOIA),OSASCO (VILA YARA)
134,BARUERI (PARQUE VIANA),OSASCO (CENTRO)
137,GUARULHOS (JARDIM FORTALEZA),SAO PAULO (METRO ARMENIA)
138,OSASCO (MUNHOZ JUNIOR),SAO PAULO (METRO VILA MADALENA)
139,SAO PAULO (SAO MIGUEL PAULISTA),GUARULHOS (TERMINAL METROPOLITANO CECAP)
140,SAO CAETANO DO SUL (TERMINAL RODOVIARIO NICOLAU DELIC),SANTO ANDRE (TERMINAL METROPOLITANO SANTO ANDRE-LESTE)
141,SANTA ISABEL (MONTE SERRAT),MOGI DAS CRUZES (ESTACAO CPTM ESTUDANTES)
145,SUZANO (CIDADE EDSON),SAO PAULO (ESTACAO CPTM ITAIM PAULISTA)
147,SAO CAETANO DO SUL (TERMINAL RODOVIARIO NICOLAU DELIC),SAO BERNARDO DO CAMPO (JARDIM JOAO DE BARRO)
148,SAO CAETANO DO SUL (TERMINAL RODOVIARIO NICOLAU DELIC),SAO BERNARDO DO CAMPO (JARDIM LEBLON)
148EX1,SAO BERNARDO DO CAMPO (UFABC),SAO BERNARDO DO CAMPO (AVENIDA KENNEDY)
149,SAO CAETANO DO SUL (TERMINAL RODOVIARIO DOUTOR NICOLAU DELIC),SAO BERNARDO DO CAMPO (VILA SAO JOSE)
151,SANTO ANDRE (JARDIM CAMBUI),SAO PAULO (FABRICA TROL)
152,SAO BERNARDO DO CAMPO (AREA VERDE),SAO PAULO (TERMINAL SACOMA)
153,SAO BERNARDO DO CAMPO (CONJUNTO TERRA NOVA II),SAO PAULO (TERMINAL SACOMA)
154,SAO BERNARDO DO CAMPO (JARDIM NAZARETH),SAO PAULO (TERMINAL SACOMA)
156,DIADEMA (ELDORADO),SAO BERNARDO DO CAMPO (BAETA NEVES)
156BI1,DIADEMA (ELDORADO),SAO BERNARDO DO CAMPO (BAETA NEVES)
156VP1,DIADEMA (ELDORADO),SAO BERNARDO DO CAMPO (PACO MUNICIPAL)
157,MAUA (SILVIA MARIA),SANTO ANDRE (TERMINAL URBANO DE PREFEITO SALADINO)
158,MAUA (JARDIM ZAIRA),SAO PAULO (TERMINAL SACOMA)
158BI1,MAUA (JARDIM ZAIRA),SAO CAETANO DO SUL (BAIRRO SANTO ANTONIO)
160,MAUA (JARDIM ADELINA),SAO PAULO (TERMINAL SACOMA)
160EX1,MAUA  (JARDIM ITAPEVA),SAO CAETANO DO SUL (BAIRRO SANTO ANTONIO)
163,GUARULHOS (JD. PALMIRA - PARQUE CONTINENTAL),SAO PAULO (METRO TUCURUVI)
165,RIBEIRAO PIRES (TERMINAL RODOVIARIO DE RIBEIRAO PIRES),SAO BERNARDO DO CAMPO (TERMINAL PACO - SAO BERNARDO)
165BI1,SANTO ANDRE (PARQUE REPRESA BILLINGS),SAO BERNARDO DO CAMPO (TERMINAL PACO - SAO BERNARDO)
165EX1,RIO GRANDE DA SERRA (CENTRO),SAO BERNARDO DO CAMPO (TERMINAL PACO - SAO BERNARDO)
166,ARUJA (CENTRO),SAO PAULO (METRO ARMENIA)
166BI1,GUARULHOS (JARDIM ALAMO),SAO PAULO (METRO ARMENIA)
167,GUARULHOS (VILA CARMELA),SAO PAULO (METRO ARMENIA)
167PR1,GUARULHOS (PARQUE RESIDENCIAL BAMBI),SAO PAULO (METRO ARMENIA)
170,SAO CAETANO DO SUL (ESTACAO),SAO PAULO (JARDIM TIETE)
171,SAO CAETANO DO SUL (ESTACAO),SAO PAULO (VILA INDUSTRIAL)
173,SANTO ANDRE (JARDIM SANTA CRISTINA),SAO PAULO (JARDIM PLANALTO)
175,GUARULHOS (COCAIA),SAO PAULO (METRO ARMENIA)
177,RIBEIRAO PIRES (TERMINAL RODOVIARIO DE RIBEIRAO PIRES),SANTO ANDRE (TERMINAL METROPOLITANO SANTO ANDRE-LESTE)
178,EMBU DAS ARTES (JARDIM VAZAME),SAO PAULO (METRO CAMPO LIMPO)
178BI1,EMBU DAS ARTES (JARDIM NOSSA SENHORA DE FATIMA),SAO PAULO (METRO CAMPO LIMPO)
180,OSASCO (JARDIM PRIMEIRO DE MAIO),SAO PAULO (LAPA)
180DV1,OSASCO (JARDIM PRIMEIRO DE MAIO),SAO PAULO (LAPA)
180DV2,OSASCO (JARDIM PRIMEIRO DE MAIO),SAO PAULO (LAPA)
181,CARAPICUIBA (PARQUE SANTA TEREZA),SAO PAULO (LAPA)
182,SAO BERNARDO DO CAMPO (ACAMPAMENTO DOS ENGENHEIROS),DIADEMA (TERMINAL METROPOLITANO DIADEMA)
187,MAIRIPORA (TERMINAL RODOVIARIO SIGUEMI AIACYDA),SAO PAULO (CAMPOS ELISEOS)
190,TABOAO DA SERRA (JARDIM SAO JUDAS TADEU),SAO PAULO (METRO BUTANTA)
191,TABOAO DA SERRA (CONDOMINIO JOAO CANDIDO),SAO PAULO (METRO VILA SONIA)
193,EMBU DAS ARTES (JARDIM SANTA TEREZA),SAO PAULO (METRO CAPAO REDONDO)
194,SAO CAETANO DO SUL (TERMINAL RODOVIARIO NICOLAU DELIC),SANTO ANDRE (CATA PRETA)
195,SAO BERNARDO DO CAMPO (TERMINAL METROPOLITANO FERRAZOPOLIS),DIADEMA (TERMINAL METROPOLITANO PIRAPORINHA)
196,SAO BERNARDO DO CAMPO (PARQUE SELECTA),SANTO ANDRE (TERMINAL METROPOLITANO SANTO ANDRE-OESTE)
197,FRANCISCO MORATO (PARQUE PAULISTA),SAO PAULO (LAPA)
198,CAIEIRAS (LARANJEIRAS),SAO PAULO (LAPA)
199,FRANCO DA ROCHA (JARDIM LUCIANA),SAO PAULO (PERUS)
200,MOGI DAS CRUZES (TERMINAL RODOVIARIO GERALDO SCAVONE),SAO PAULO (TERMINAL RODOVIARIO TIETE)
201,MOGI DAS CRUZES (TERMINAL RODOVIARIO GERALDO SCAVONE),SAO PAULO (TERMINAL RODOVIARIO TIETE)
202,OSASCO (JARDIM ADALGISA),SAO PAULO (PIRITUBA)
203,OSASCO (BEL JARDIM),SAO PAULO (LAPA)
204,OSASCO (MUNHOZ JUNIOR),SAO PAULO (LAPA)
206,GUARAREMA (CENTRO),SAO PAULO (TERMINAL RODOVIARIO TIETE)
208,GUARAREMA (TERMINAL RODOVIARIO DE GUARAREMA),MOGI DAS CRUZES (TERMINAL RODOVIARIO GERALDO SCAVONE)
210,BIRITIBA MIRIM (CASA GRANDE),MOGI DAS CRUZES (CENTRO)
211,OSASCO (VILA MENCK),SAO PAULO (PINHEIROS)
212,DIADEMA (JARDIM SAPOPEMA),SAO PAULO (TERMINAL SACOMA)
213,TABOAO DA SERRA (JARDIM SAO JUDAS TADEU),OSASCO (CENTRO)
214,SUZANO (CENTRO),SAO PAULO (TERMINAL RODOVIARIO TIETE)
214VP1,ITAQUAQUECETUBA (RANCHO GRANDE),SAO PAULO (TERMINAL RODOVIARIO TIETE)
215,RIBEIRAO PIRES (TERMINAL RODOVIARIO DE RIBEIRAO PIRES),SUZANO (CENTRO)
216,FRANCISCO MORATO (JARDIM DA ALEGRIA),FRANCO DA ROCHA (CENTRO)
217,SAO BERNARDO DO CAMPO (CONJUNTO TERRA NOVA II),SAO PAULO (TERMINAL RODOVIARIO TIETE)
218,SAO BERNARDO DO CAMPO (AREA VERDE),SAO PAULO (TERMINAL RODOVIARIO TIETE)
218EX1,SAO BERNARDO DO CAMPO (TERMINAL METROPOLITANO FERRAZOPOLIS),SAO PAULO (GLICERIO)
218EX2,SAO BERNARDO DO CAMPO (TERMINAL METROPOLITANO FERRAZOPOLIS),SAO PAULO (GLICERIO)
219,SANTA ISABEL (MONTE SERRAT),SAO PAULO (METRO ARMENIA)
219BI1,SANTA ISABEL (MONTE SERRAT),GUARULHOS (CENTRO)
223,CARAPICUIBA (COHAB V),OSASCO (VILA YARA)
226,EMBU-GUACU (CHACARA FLORIDA),SAO PAULO (TERMINAL GRAJAU)
227,GUARULHOS (JARDIM LEBLON),SAO PAULO (METRO ARMENIA)
227DV1,GUARULHOS (JARDIM LEBLON),SAO PAULO (METRO ARMENIA)
228,BARUERI (ALPHAVILLE 3 / BRADESCO),SAO PAULO (LAPA)
229,OSASCO (JARDIM ACUCARA),SAO PAULO (LAPA)
230,BARUERI (ALPHAVILLE),OSASCO (VILA YARA)
231,OSASCO (JARDIM ELVIRA),SAO PAULO (METRO ARMENIA)
231BI1,OSASCO (MUNHOZ JUNIOR),SAO PAULO (METRO ARMENIA)
236,DIADEMA (TERMINAL METROPOLITANO PIRAPORINHA),SAO PAULO (TERMINAL SACOMA)
237,ITAPECERICA DA SERRA (JARDIM SAO PEDRO),SAO PAULO (METRO CAPAO REDONDO)
238,SAO BERNARDO DO CAMPO (PARQUE LOS ANGELES),SANTO ANDRE (TERMINAL METROPOLITANO SANTO ANDRE-OESTE)
239,ITAPECERICA DA SERRA (JARDIM SAO MARCOS),COTIA (TERMINAL METROPOLITANO COTIA)
240,MAIRIPORA (TERMINAL RODOVIARIO SIGUEMI AIACYDA),SAO PAULO (TERMINAL RODOVIARIO DO TIETE)
241,TABOAO DA SERRA (PARQUE JACARANDA),SAO PAULO (METRO VILA SONIA)
242,ITAQUAQUECETUBA (JARDIM PINHEIRINHO),SAO PAULO (METRO CARRAO)
242BI1,ITAQUAQUECETUBA (PEQUENO CORACAO),SAO PAULO (METRO CARRAO)
243,SANTA ISABEL (MONTE SERRAT),SAO PAULO (TERMINAL RODOVIARIO TIETE)
243DV1,SANTA ISABEL (MONTE SERRAT),SAO PAULO (TERMINAL RODOVIARIO TIETE)
244,OSASCO (CENTRO),COTIA (RODOVIA RAPOSO TAVARES - KM 21)
244BI1,OSASCO (VILA YARA),COTIA (RODOVIA RAPOSO TAVARES SP-270 - KM 21)
244VP1,OSASCO (CIDADE DE DEUS),COTIA (RODOVIA RAPOSO TAVARES - SP 270 - KM 21)
245,TABOAO DA SERRA (JARDIM SAO JUDAS TADEU),SAO PAULO (METRO CAMPO LIMPO)
246,SANTANA DE PARNAIBA (JARDIM SAO LUIS),OSASCO (VILA YARA)
246BI1,SANTANA DE PARNAIBA (REFUGIO DOS BANDEIRANTES),OSASCO (VILA YARA)
247,BARUERI (ALDEIA DA SERRA),COTIA (TERMINAL METROPOLITANO DE COTIA)
247VP1,JANDIRA (JARDIM ALVORADA),COTIA (TERMINAL METROPOLITANO DE COTIA)
247VP2,BARUERI (ALDEIA DA SERRA),COTIA  (JARDIM ROSEMARY)
248,GUARULHOS (PARQUE SANTOS DUMONT),SAO PAULO (METRO PENHA)
249,GUARULHOS (JARDIM PAULISTA),SAO PAULO (METRO PENHA)
250,GUARULHOS (COCAIA),SAO PAULO (METRO PENHA)
252,GUARULHOS (JARDIM CUMBICA),SAO PAULO (METRO CARRAO)
253,GUARULHOS (JARDIM PARAISO),SAO PAULO (METRO PENHA)
254,SAO CAETANO DO SUL (TERMINAL RODOVIARIO NICOLAU DELIC),DIADEMA (TERMINAL METROPOLITANO DIADEMA)
254DV1,SAO CAETANO DO SUL (TERMINAL RODOVIARIO NICOLAU DELIC),DIADEMA (TERMINAL METROPOLITANO DIADEMA)
255,DIADEMA (JARDIM PADRE ANCHIETA),SAO BERNARDO DO CAMPO (TERMINAL PACO - SAO BERNARDO)
256,COTIA (CAUCAIA DO ALTO),COTIA (PORTAO)
257,GUARULHOS (AEROPORTO INTERNACIONAL DE SAO PAULO),SAO PAULO (METRO TATUAPE)
258,GUARULHOS (AEROPORTO INTERNACIONAL DE SAO PAULO),SAO PAULO (AEROPORTO DE CONGONHAS)
260,BARUERI (ALPHAVILLE),COTIA (KM 30 RODOVIA RAPOSO TAVARES)
260EX1,BARUERI (ALPHAVILLE),COTIA (KM 30 RODOVIA RAPOSO TAVARES)
261,SANTANA DE PARNAIBA (VARZEA DE SOUZA),SAO PAULO (LAPA)
262,SANTO ANDRE (TERMINAL METROPOLITANO SANTO ANDRE LESTE),SAO PAULO (ARTUR ALVIM)
263,CARAPICUIBA (JARDIM NOVO HORIZONTE),OSASCO (VILA YARA)
264,SANTANA DE PARNAIBA (PARQUE SANTANA),SANTANA DE PARNAIBA (RESIDENCIAL BURLE MARX)
264BI1,BARUERI (JARDIM CALIFORNIA),SANTANA DE PARNAIBA (RESIDENCIAL BURLE MARX)
265,SANTO ANDRE (TERMINAL METROPOLITANO SANTO ANDRE,LESTE) - SP (CONJUNTO HABITACIONAL TEOTONIO VILELA)
266,GUARULHOS (INOCOOP),SAO PAULO (METRO ARMENIA)
266DV1,GUARULHOS (INOCOOP),SAO PAULO (METRO ARMENIA)
269,POA (TERMINAL RODOVIARIO PEDRO FAVA - CIDADE KEMEL),SAO PAULO (METRO CORINTHIANS-ITAQUERA)
272,EMBU DAS ARTES (TERMINAL CASA BRANCA),SAO PAULO (METRO VILA SONIA)
273,SUZANO (CENTRO),ARUJA (PARQUE RODRIGO BARRETO)
277,SANTA ISABEL (MONTE SERRAT),MOGI DAS CRUZES (ESTACAO CPTM ESTUDANTES)
278,OSASCO (CENTRO),GUARULHOS (TERMINAL URBANO GUARULHOS)
279,DIADEMA (TERMINAL METROPOLITANO DE DIADEMA),SAO PAULO (METRO SAO JUDAS)
280,OSASCO (CENTRO),SAO BERNARDO DO CAMPO (TERMINAL PACO - SAO BERNARDO)
280BI1,SAO PAULO (CIDADE UNIVERSITARIA),SAO BERNARDO DO CAMPO (TERMINAL PACO - SAO BERNARDO)
281,MAIRIPORA (TERMINAL RODOVIARIO SIGUEMI AIACYDA),SAO PAULO (PEDRA BRANCA)
283,CARAPICUIBA (CIDADE ARISTON),OSASCO (VILA YARA)
283VP1,CARAPICUIBA (CIDADE ARISTON),OSASCO (CENTRO)
284,SAO PAULO (TERMINAL METROPOLITANO SAO MATEUS),SANTO ANDRE(TERMINAL METROPOLITANO SANTO ANDRE OESTE)
284M,SAO PAULO (TERMINAL METROPOLITANO SAO MATEUS),SAO BERNARDO DO CAMPO (SHOPPING METROPOLE)
285,SAO PAULO (TERMINAL METROPOLITANO SAO MATEUS),SAO BERNARDO DO CAMPO  (TERMINAL METROPOLITANO FERRAZOPOLIS)
286,SANTO ANDRE (TERMINAL METROPOLITANO SANTO ANDRE OESTE),SAO BERNARDO DO CAMPO (TERMINAL METROPOLITANO FERRAZOPOLIS)
287,SANTO ANDRE (TERMINAL METROPOLITANO SANTO ANDRE OESTE),DIADEMA (TERMINAL METROPOLITANO DIADEMA)
287PIR,SANTO ANDRE (TERMINAL METROPOLITANO SANTO ANDRE OESTE),DIADEMA (TERMINAL METROPOLITANO PIRAPORINHA)
287UBUS,SANTO ANDRE (TERMINAL METROPOLITANO SANTO ANDRE LESTE),DIADEMA (TERMINAL METROPOLITANO DIADEMA)
288,SAO BERNARDO DO CAMPO (TERMINAL METROPOLITANO FERRAZOPOLIS),SAO PAULO (TERMINAL METROPOLITANO JABAQUARA)
288PIR,SAO BERNARDO DO CAMPO (TERMINAL METROPOLITANO FERRAZOPOLIS),DIADEMA (TERMINAL METROPOLITANO PIRAPORINHA)
289,DIADEMA (TERMINAL METROPOLITANO PIRAPORINHA),SAO PAULO (TERMINAL METROPOLITANO JABAQUARA)
290,DIADEMA (TERMINAL METROPOLITANO DIADEMA),SAO PAULO (TERMINAL METROPOLITANO JABAQUARA)
291,JANDIRA (JARDIM NOSSA SENHORA DE FATIMA),SANTANA DE PARNAIBA (RESIDENCIAL BURLE MARX)
291BI1,ITAPEVI (JARDIM BELA VISTA),SANTANA DE PARNAIBA (RESIDENCIAL BURLE MARX)
292,GUARULHOS (JARDIM ANGELICA),SAO PAULO (METRO ARMENIA)
292DV1,GUARULHOS (JARDIM ANGELICA),SAO PAULO (METRO ARMENIA)
293,POA (TERMINAL RODOVIARIO PEDRO FAVA - CIDADE KEMEL),SAO PAULO (ESTACAO CPTM GUAIANAZES)
297,COTIA (CAUCAIA DO ALTO),SAO PAULO (METRO MORUMBI)
300,TABOAO DA SERRA (JARDIM SAO JUDAS TADEU),SAO PAULO (METRO VILA SONIA)
302,ITAQUAQUECETUBA (TERMINAL URBANO ENGENHEIRO MANOEL FEIO),ITAQUAQUECETUBA (JARDIM PINHEIRINHO)
303,BARUERI (PARQUE IMPERIAL),OSASCO (VILA YARA)
305,DIADEMA (JARDIM PADRE ANCHIETA),SAO BERNARDO DO CAMPO (JARDIM DO LAGO)
307,CARAPICUIBA (TERMINAL METROPOLITANO CARAPICUIBA),COTIA (KM 24 - RODOVIA RAPOSO TAVARES)
308,COTIA (ATALAIA),SAO PAULO (TERMINAL RODOVIARIO BARRA FUNDA)
309,SANTANA DE PARNAIBA (PARQUE SANTANA),SAO PAULO (PINHEIROS)
310,SANTANA DE PARNAIBA (COLINAS DA ANHANGUERA),SAO PAULO (LAPA)
311,SALESOPOLIS (TREVO DA PETROBRAS),MOGI DAS CRUZES (CENTRO)
311DV1,SALESOPOLIS (TREVO DA PETROBRAS),MOGI DAS CRUZES (CENTRO)
312,SANTANA DE PARNAIBA (COLINAS DA ANHANGUERA),SANTANA DE PARNAIBA (CENTRO)
313,ITAPEVI (DIVISA SAO ROQUE),SANTANA DE PARNAIBA (RESIDENCIAL BURLE MARX)
314,SAO BERNARDO DO CAMPO (JARDIM LAS PALMAS),SAO PAULO (TERMINAL RODOVIARIO TIETE)
315,POA (TERMINAL RODOVIARIO AYRTON SENNA DA SILVA),SAO PAULO (ESTACAO CPTM ITAIM PAULISTA)
316,GUARULHOS (AEROPORTO INTERNACIONAL DE SAO PAULO),SAO PAULO (CIRCUITO DOS HOTEIS)
317,FRANCISCO MORATO (CENTRO),FRANCO DA ROCHA (PARQUE PAULISTA)
318,POA (TERMINAL RODOVIARIO PEDRO FAVA - CIDADE KEMEL),GUARULHOS (TERMINAL METROPOLITANO CECAP)
319,GUARULHOS (VILA ANY),SAO PAULO (METRO CORINTHIANS/ITAQUERA)
321,CARAPICUIBA (COHAB V),SANTANA DE PARNAIBA (ALPHAVILLE 10)
322,BARUERI (PARQUE IMPERIAL),SAO PAULO (PINHEIROS)
323,SANTO ANDRE (TERMINAL METROPOLITANO SANTO ANDRE LESTE),SAO PAULO (JARDIM CLIMAX)
324,SANTANA DE PARNAIBA (COLINAS DA ANHANGUERA),BARUERI (PARQUE IMPERIAL)
324BI1,SANTANA DE PARNAIBA (JARDIM SAO LUIS),BARUERI (PARQUE IMPERIAL)
327,POA (TERMINAL RODOVIARIO PEDRO FAVA - CIDADE KEMEL),SAO PAULO (METRO CORINTHIANS-ITAQUERA)
329,CARAPICUIBA (VILA MENCK),SAO PAULO (METRO BUTANTA)
331,CAIEIRAS (LARANJEIRAS),SAO PAULO (TERMINAL RODOVIARIO BARRA FUNDA)
332,ITAQUAQUECETUBA (JARDIM ADRIANE),SUZANO (VILA SOL NASCENTE)
334,COTIA (JARDIM DO ENGENHO),SAO PAULO (METRO MORUMBI)
335,POA (TERMINAL RODOVIARIO PEDRO FAVA - CIDADE KEMEL),ITAQUAQUECETUBA (MARENGO)
336,RIBEIRAO PIRES (TERMINAL RODOVIARIO DE RIBEIRAO PIRES),MAUA (CAPBURGO)
337,GUARULHOS (TERMINAL METROPOLITANO TABOAO),SAO PAULO (TERMINAL RODOVIARIO TIETE)
337BI1,GUARULHOS (RECREIO SAO JORGE),SAO PAULO (TERMINAL RODOVIARIO TIETE)
339,ITAPECERICA DA SERRA (JARDIM VICTORIA),SAO PAULO (METRO CAPAO REDONDO)
340,ITAPECERICA DA SERRA (JARDIM SAO MARCOS),SAO PAULO (METRO CAPAO REDONDO)
341,GUARULHOS (VILA ANY),SAO PAULO (METRO ARMENIA)
341DV1,GUARULHOS (VILA ANY),SAO PAULO (METRO ARMENIA)
342,GUARULHOS (JARDIM MARIA DIRCE),SAO PAULO (METRO ARMENIA)
342DV1,GUARULHOS (JARDIM MARIA DIRCE),SAO PAULO (METRO ARMENIA)
343,EMBU DAS ARTES (JARDIM DO COLEGIO),SAO PAULO (METRO CAMPO LIMPO)
345,BARUERI (VALE DO SOL),OSASCO (VILA YARA)
346,JANDIRA (JARDIM NOSSA SENHORA DE FATIMA),SANTANA DE PARNAIBA (TERMINAL RODOVIARIO ALPHAVILLE)
347,EMBU DAS ARTES (PARQUE INDUSTRIAL),TABOAO DA SERRA (CENTRO)
348,ARUJA (TERMINAL RODOVIARIO DE ARUJA),ITAQUAQUECETUBA (JARDIM NOSSA SENHORA DAS GRACAS)
349,GUARULHOS (JARDIM MARIA DIRCE),SAO PAULO (ITAIM PAULISTA)
350,ITAPEVI (COHAB),OSASCO (VILA YARA)
350BI1,ITAPEVI (VILA GIOIA),OSASCO (VILA YARA)
351,COTIA (CAUCAIA DO ALTO),COTIA (TERMINAL METROPOLITANO COTIA)
351BI1,COTIA (CAUCAIA DO ALTO),COTIA (TERMINAL METROPOLITANO COTIA)
351PR1,COTIA (JARDIM MONTE VERDE),COTIA (TERMINAL METROPOLITANO COTIA)
352,SANTANA DE PARNAIBA (CIDADE DE SAO PEDRO),SAO PAULO (LAPA)
353,ARUJA (TERMINAL RODOVIARIO DE ARUJA),ITAQUAQUECETUBA (RESIDENCIAL VILLAGE)
354,GUARULHOS (BAIRRO DOS LAVRAS),SAO PAULO (METRO ARMENIA)
356,TABOAO DA SERRA (JARDIM LEME),SAO PAULO (METRO VILA SONIA)
358,DIADEMA (VILA SAO JOSE),SAO PAULO (SAUDE)
359,SAO BERNARDO DO CAMPO (TERMINAL METROPOLITANO FERRAZOPOLIS),SAO PAULO (SAUDE)
360,BARUERI (PARQUE VIANA),BARUERI (ALPHAVILLE 1)
361,FRANCISCO MORATO (PARQUE 120),SAO PAULO (TERMINAL RODOVIARIO BARRA FUNDA)
361VP1,FRANCISCO MORATO (PARQUE120),CAIEIRAS (TREVO DE LARANJEIRAS)
362,ITAQUAQUECETUBA (JARDIM CALIFORNIA),GUARULHOS (JARDIM SANTA MENA)
363,ARUJA (TERMINAL RODOVIARIO DE ARUJA),ARUJA (RECANTO PRIMAVERA)
366,SAO BERNARDO DO CAMPO (PARQUE SELECTA),SANTO ANDRE (JARDIM CRISTIANE)
367,SUZANO (JARDIM VITORIA),MOGI DAS CRUZES (CONDOMINIO ARUA)
372,SUZANO (JARDIM COLORADO),MOGI DAS CRUZES (JARDIM PIATA)
374,RIO GRANDE DA SERRA (SITIO MARIA JOANA),RIBEIRAO PIRES (TERMINAL RODOVIARIO DE RIBEIRAO PIRES)
375,MAIRIPORA (DIVISA),SAO PAULO (TERMINAL RODOVIARIO DO TIETE)
376,DIADEMA (TERMINAL METROPOLITANO DIADEMA),SAO PAULO (BROOKLIN)
377,POA (JARDIM NOVA POA),SAO PAULO (METRO CORINTHIANS-ITAQUERA)
378,SANTANA DE PARNAIBA (TERMINAL RODOVIARIO ALPHAVILLE),SAO PAULO (METRO PARAISO)
379,FERRAZ DE VASCONCELOS (CENTRO),SAO PAULO (TERMINAL RODOVIARIO TIETE)
380,DIADEMA (TERMINAL METROPOLITANO DE DIADEMA),SAO PAULO (JARDIM GUACURI)
381,RIBEIRAO PIRES (TERMINAL RODOVIARIO DE RIBEIRAO PIRES),SUZANO (BARUEL)
381BI1,RIBEIRAO PIRES (TERMINAL RODOVIARIO DE RIBEIRAO PIRES),SUZANO (VILA FATIMA)
382,MAUA (BAIRRO FEITAL),SAO CAETANO DO SUL ( BAIRRO SANTO ANTONIO)
382EX1,MAUA (JARDIM ITAPEVA),SAO CAETANO DO SUL (BAIRRO SANTO ANTONIO)
384,ITAQUAQUECETUBA (JARDIM CALIFORNIA),SAO PAULO (METRO ARMENIA)
386,SANTANA DE PARNAIBA (VARZEA DE SOUZA),SAO PAULO (PINHEIROS)
390,OSASCO (JARDIM VELOSO),BARUERI (ALPHAVILLE 3 / BRADESCO)
390BI1,OSASCO (JARDIM SANTO ANTONIO),BARUERI (ALPHAVILLE 3 / BRADESCO)
392,CARAPICUIBA (JARDIM ANA ESTELA),BARUERI (ALPHAVILLE)
394,BIRITIBA MIRIM (JARDIM DOS EUCALIPTOS),MOGI DAS CRUZES (CENTRO)
396,COTIA (TERMINAL METROPOLITANO COTIA),SAO PAULO (METRO BUTANTA)
399,BARUERI (PARQUE IMPERIAL),SAO PAULO (TERMINAL RODOVIARIO BARRA FUNDA)
402,RIO GRANDE DA SERRA (CENTRO),RIBEIRAO PIRES (TERMINAL RODOVIARIO DE RIBEIRAO PIRES)
403,MAUA (VILA NOVA MAUA),SAO CAETANO DO SUL (SANTO ANTONIO)
404,OSASCO (NOVO OSASCO),SAO PAULO (METRO VILA SONIA)
405,SUZANO (CENTRO),ITAQUAQUECETUBA (RANCHO GRANDE)
407,CARAPICUIBA (VILA DIRCE),SANTANA DE PARNAIBA (RESIDENCIAL BURLE MARX)
408,GUARULHOS (CIDADE SOBERANA),SAO PAULO (METRO ARMENIA)
409,SAO BERNARDO DO CAMPO (JARDIM LAS PALMAS),SANTO ANDRE (TERMINAL METROPOLITANO SANTO ANDRE-OESTE)
409BI1,SAO BERNARDO DO CAMPO (PARQUE ALVARENGA),SANTO ANDRE (TERMINAL METROPOLITANO SANTO ANDRE-OESTE)
411,SANTA ISABEL (MONTE SERRAT),MOGI DAS CRUZES (TERMINAL RODOVIARIO GERALDO SCAVONE)
412,EMBU DAS ARTES (JARDIM SAO MARCOS),SAO PAULO (TERMINAL RODOVIARIO TIETE)
415,SANTA ISABEL (MONTE SERRAT),GUARAREMA (CHACARA GUANABARA)
416,POA (JARDIM MEDINA),MOGI DAS CRUZES (ESTACAO CPTM ESTUDANTES)
417,SANTANA DE PARNAIBA (PARQUE SANTANA),BARUERI (CENTRO)
418,PIRAPORA DO BOM JESUS (JARDIM BOM JESUS),BARUERI (CENTRO)
419,ITAPEVI (COHAB/JARDIM PAULISTA),SANTANA DE PARNAIBA (RESIDENCIAL BURLE MARX)
420,OSASCO (VILA YARA),COTIA (TERMINAL METROPOLITANO DE COTIA)
420DV1,OSASCO (VILA YARA),COTIA (TERMINAL METROPOLITANO DE COTIA)
421,ITAPEVI (CIDADE DA SAUDE),VARGEM GRANDE PAULISTA (CENTRO)
422,ITAPEVI (VILA NOVA ESPERANCA),SAO PAULO (METRO MORUMBI)
424,RIO GRANDE DA SERRA (CENTRO),SANTO ANDRE (PARANAPIACABA)
426,FRANCO DA ROCHA (CENTRO),CAJAMAR (POLVILHO)
427,GUARULHOS (PARQUE CONTINENTAL II),SAO PAULO (PARAISO)
428,BARUERI (JARDIM DO LIBANO),OSASCO (VILA YARA)
429,CAIEIRAS (LARANJEIRAS),SAO PAULO (JARDIM DO RUSSO)
430,FRANCO DA ROCHA (CENTRO),FRANCISCO MORATO (CENTRO)
431,SAO BERNARDO DO CAMPO (JARDIM LAS PALMAS),SAO PAULO (TERMINAL SACOMA)
432,SANTO ANDRE (TERMINAL METROPOLITANO SANTO ANDRE-LESTE),SAO BERNARDO DO CAMPO (BAIRRO DO TABOAO)
436,FRANCISCO MORATO (TERMINAL RAUL SHIGUEMITSU SUNAO),FRANCO DA ROCHA (CENTRO)
438,FRANCO DA ROCHA (PARQUE VITORIA),SAO PAULO (LAPA)
439,BARUERI (ALPHAVILLE),SAO PAULO (PIRITUBA)
439VP1,BARUERI (ALPHAVILLE),OSASCO (JARDIM HELENA MARIA)
442,CAIEIRAS (JARDIM NOVA ERA),SAO PAULO (TERMINAL RODOVIARIO BARRA FUNDA)
443,GUARULHOS (COCAIA),SAO PAULO (METRO PENHA)
446,SAO BERNARDO DO CAMPO (JARDIM BORBOREMA),SAO PAULO (SAUDE)
448,CARAPICUIBA (ALDEIA),SANTANA DE PARNAIBA (RESIDENCIAL TAMBORE III)
449,CARAPICUIBA (ALDEIA),SANTANA DE PARNAIBA (ALPHAVILLE 10)
450,CARAPICUIBA (JARDIM NOVO HORIZONTE),BARUERI (ALPHAVILLE 2)
451,ITAPECERICA DA SERRA (JARDIM BRANCA FLOR),SAO PAULO (METRO CAPAO REDONDO)
452,SANTO ANDRE (TERMINAL METROPOLITANO SANTO ANDRE-LESTE),SAO PAULO (JARDIM SAO ROBERTO)
454,JANDIRA (CONDOMINIO RESERVA DE SANTA MARIA),BARUERI (TERMINAL RODOFERROVIARIO GUALBERTO TOLAINE)
455,BARUERI (ALPHAVILLE),CARAPICUIBA (ALDEIA)
456,BARUERI CENTRO),OSASCO (KM 19.5 - RAPOSO TAVARES)
459,EMBU DAS ARTES (TERMINAL CASA BRANCA),SAO PAULO (ITAIM BIBI)
460,FERRAZ DE VASCONCELOS (VILA SAO PAULO),SAO PAULO ( ESTACAO CPTM GUAIANAZES)
461,ARUJA (TERMINAL RODOVIARIO DE ARUJA),GUARULHOS (NOVA BONSUCESSO)
462,SANTANA DE PARNAIBA (CIDADE SAO PEDRO),OSASCO (CENTRO)
462BI1,SANTANA DE PARNAIBA (VARZEA DE SOUZA),OSASCO (CENTRO)
463,ITAPEVI (JARDIM VITAPOLIS),SANTANA DE PARNAIBA (RESIDENCIAL TAMBORE III)
466,OSASCO (CONJUNTO DOS METALURGICOS),BARUERI (ALPHAVILLE/GREEN VALLEY)
466EX1,OSASCO (TERMINAL SANTA MARIA),BARUERI (ALPHAVILLE/GREEN VALLEY)
466EX2,OSASCO (SANTA MARIA),BARUERI (ALPHAVILLE / GREEN VALLEY)
467,SANTANA DE PARNAIBA (CENTRO),SAO PAULO (LAPA)
468,SANTANA DE PARNAIBA (TERMINAL RODOVIARIO ALPHAVILLE),COTIA (TERMINAL METROPOLITANO COTIA)
468BI1,BARUERI (SHOPPING TAMBORE),COTIA (TERMINAL METROPOLITANO DE COTIA)
469,FRANCO DA ROCHA (JARDIM LAGO AZUL),CAIEIRAS (JARDIM NOVA ERA)
470,SANTO ANDRE (TERMINAL METROPOLITANO SANTO ANDRE LESTE),SAO PAULO (AEROPORTO DE CONGONHAS)
472,GUARULHOS (AEROPORTO INTERNACIONAL DE SAO PAULO),SAO PAULO (TERMINAL RODOVIARIO BARRA FUNDA)
473,ITAQUAQUECETUBA (PARQUE PIRATININGA II),SAO PAULO (METRO ARMENIA)
478,GUARULHOS (CONJUNTO PAES DE BARROS),SAO PAULO (METRO ARMENIA)
478BI1,GUARULHOS (JARDIM DAS NACOES),SAO PAULO (METRO ARMENIA)
479,CARAPICUIBA (PARQUE SANTA TEREZA),OSASCO (CENTRO)
480,ARUJA (PARQUE RODRIGO BARRETO),POA (ESTACAO CPTM POA)
481,POA (TERMINAL RODOVIARIO JARDIM SAO JOSE),MOGI DAS CRUZES (ESTACAO CPTM ESTUDANTES)
484,EMBU DAS ARTES (JARDIM BATISTA),SAO PAULO (METRO CAPAO REDONDO)
487,MAUA (TERMINAL METROPOLITANO SONIA MARIA),SANTO ANDRE (SHOPPING ABC)
488,CARAPICUIBA (VILA MENCK),SAO PAULO (METRO BUTANTA)
489,ITAPEVI (CIDADE DA SAUDE),EMBU DAS ARTES (CENTRO)
490,TABOAO DA SERRA (JARDIM MONTE ALEGRE),OSASCO (CENTRO)
492,CARAPICUIBA (PARQUE JANDAIA),SAO PAULO (METRO VILA SONIA)
493,SANTO ANDRE (PRINCIPE DE GALES),SAO PAULO (TERMINAL SACOMA)
493DV1,SANTO ANDRE (PRINCIPE DE GALES),SAO PAULO (TERMINAL SACOMA)
494,SAO CAETANO DO SUL (TERMINAL RODOVIARIO NICOLAU DELIC),SAO PAULO (TERMINAL SACOMA)
496,SAO PAULO (JARDIM JOAO XXIII),BARUERI (ALPHAVILLE/GREEN VALLEY)
496VP1,SAO PAULO (RODOVIA RAPOSO TAVARES - KM 17.8),BARUERI (ALPHAVILLE/GREEN VALLEY)
497,CARAPICUIBA (VILA DIRCE),SANTANA DE PARNAIBA (COLINAS DA ANHANGUERA)
498,CARAPICUIBA (JARDIM NOVO HORIZONTE),SANTANA DE PARNAIBA (TERMINAL RODOVIARIO ALPHAVILLE)
499,GUARULHOS (TERMINAL METROPOLITANO CECAP),SAO PAULO (ESTACAO CPTM DOM BOSCO)
500,GUARULHOS (TERMINAL METROPOLITANO VILA GALVAO),SAO PAULO (TERMINAL RODOVIARIO TIETE)
500DV1,GUARULHOS (TERMINAL METROPOLITANO VILA GALVAO),SAO PAULO (TERMINAL RODOVIARIO TIETE)
501,ITAQUAQUECETUBA (PARQUE PIRATININGA),SAO PAULO (METRO ARMENIA)
503,COTIA (CAUCAIA DO ALTO),COTIA (PORTAO)
506,COTIA (JARDIM SANDRA),SAO PAULO (CARREFOUR)
507,VARGEM GRANDE PAULISTA (JARDIM SAO MARCOS),COTIA (PORTAO)
508,COTIA (JARDIM JAPAO),COTIA (PORTAO)
509,VARGEM GRANDE PAULISTA (PARQUE DO AGRESTE),COTIA (TERMINAL METROPOLITANO COTIA)
510,EMBU DAS ARTES (JARDIM VAZAME),SAO PAULO (METRO VILA SONIA)
5104,IGARATA (TERMINAL RODOVIARIO DE IGARATA),JACAREI (TERMINAL RODOVIARIO DE JACAREI)
5105,PARAIBUNA (TERMINAL RODOVIARIO DE PARAIBUNA),SAO JOSE DOS CAMPOS (TERMINAL RODOVIARIO FREDERICO OZANAM)
5106,JAMBEIRO (TERMINAL RODOVIARIO DE JAMBEIRO),SAO JOSE DOS CAMPOS (TERMINAL RODOVIARIO FREDERICO OZANAM)
5107,MONTEIRO LOBATO (TERMINAL RODOVIARIO DE MONTEIRO LOBATO),SAO JOSE DOS CAMPOS (TERMINAL RODOVIARIO FREDERICO OZANAM)
5109,SAO JOSE DOS CAMPOS (SAO FRANCISCO XAVIER),SAO JOSE DOS CAMPOS (TERMINAL RODOVIARIO FREDERICO OZANAM)
511,EMBU DAS ARTES (JARDIM SANTO ANTONIO),SAO PAULO (METRO VILA SONIA)
5110,CACAPAVA (TERMINAL RODOVIARIO DE CACAPAVA),SAO JOSE DOS CAMPOS (TERMINAL RODOVIARIO FREDERICO OZANAM)
5111,CACAPAVA (TERMINAL RODOVIARIO DE CACAPAVA),TAUBATE (TERMINAL RODOVIARIO URBANO JOAO FRANCISCO DOS SANTOS)
5112,JAMBEIRO (TERMINAL RODOVIARIO DE JAMBEIRO),CACAPAVA (TERMINAL RODOVIARIO DE CACAPAVA)
5113,SANTA BRANCA (TERMINAL RODOVIARIO DE SANTA BRANCA),JACAREI (TERMINAL RODOVIARIO DE JACAREI)
5114,JACAREI (TERMINAL RODOVIARIO DE JACAREI),SAO JOSE DOS CAMPOS (TERMINAL RODOVIARIO FREDERICO OZANAM)
5116,JACAREI (TERMINAL RODOVIARIO DE JACAREI),SAO JOSE DOS CAMPOS (TERMINAL RODOVIARIO FREDERICO OZANAM)
5117,SAO JOSE DOS CAMPOS (TERMINAL RODOVIARIO FREDERICO OZANAM),CACAPAVA (TERMINAL RODOVIARIO DE CACAPAVA)
5118,JACAREI (PARQUE MEIA LUA),SAO JOSE DOS CAMPOS (TERMINAL RODOVIARIO FREDERICO OZANAM)
512,ITAQUAQUECETUBA (PARQUE PIRATININGA),SAO PAULO (METRO ARMENIA)
513,ITAPECERICA DA SERRA (JARDIM DAS OLIVEIRAS),SAO PAULO (METRO CAPAO REDONDO)
517,ITAPEVI (COHAB),OSASCO (VILA YARA)
518,BARUERI (JARDIM DO LIBANO),SANTANA DE PARNAIBA (RESIDENCIAL BURLE MARX)
520,GUARULHOS (JARDIM LEBLON),SAO PAULO (METRO ARMENIA)
5201,PINDAMONHANGABA (ARARETAMA),TAUBATE (TAUBATE SHOPPING CENTER)
5202,TREMEMBE (TERMINAL RODOVIARIO DE TREMEMBE),CACAPAVA (TERMINAL RODOVIARIO DE CACAPAVA)
5203,TAUBATE (TERMINAL RODOVIARIO VELHO DE TAUBATE),TREMEMBE (TERMINAL RODOVIARIO DE TREMEMBE)
5204,NATIVIDADE DA SERRA (CENTRO),TAUBATE (TERMINAL RODOVIARIO NOVO DE TAUBATE)
5204BI1,REDENCAO DA SERRA (CENTRO),TAUBATE (TERMINAL RODOVIARIO NOVO DE TAUBATE)
5205,ROSEIRA (TERMINAL RODOVIARIO DE ROSEIRA),TAUBATE (TERMINAL RODOVIARIO E URBANO JOAO FRANCISCO DOS SANTOS)
5206,PINDAMONHANGABA (CENTRO),TAUBATE (TERMINAL RODOVIARIO E URBANO JOAO FRANCISCO DOS SANTOS)
5207,TAUBATE (TERMINAL RODOVIARIO NOVO DE TAUBATE),SAO JOSE DOS CAMPOS (TERMINAL RODOVIARIO FREDERICO OZANAM)
5207DV1,TAUBATE (TERMINAL RODOVIARIO NOVO DE TAUBATE),SAO JOSE DOS CAMPOS (TERMINAL RODOVIARIO FREDERICO OZANAM)
5208,SAO BENTO DO SAPUCAI (CENTRO),CAMPOS DO JORDAO (TERMINAL RODOVIARIO DE CAMPOS DO JORDAO)
5209,PINDAMONHANGABA (TERMINAL RODOVIARIO DE PINDAMONHANGABA),SAO JOSE DOS CAMPOS (TERMINAL RODOVIARIO FREDERICO OZANAM)
5209DV1,PINDAMONHANGABA (TERMINAL RODOVIARIO DE PINDAMONHANGABA),SAO JOSE DOS CAMPOS (TERMINAL RODOVIARIO FREDERICO OZANAM)
521,GUARULHOS (JARDIM ANGELICA),SAO PAULO (METRO ARMENIA)
5210,CAMPOS DO JORDAO (TERMINAL RODOVIARIO DE CAMPOS DO JORDAO),SAO JOSE DOS CAMPOS (TERMINAL RODOVIARIO FREDERICO OZANAM)
5211,PINDAMONHANGABA (CENTRO),TAUBATE (TERMINAL RODOVIARIO E URBANO JOAO FRANCISCO DOS SANTOS)
5211PR1,PINDAMONHANGABA (TERMINAL RODOVIARIO DE PINDAMONHANGABA),TAUBATE (TERMINAL RODOVIARIO E URBANO JOAO FRANCISCO DOS SANTOS)
5212,CAMPOS DO JORDAO (TERMINAL RODOVIARIO DE CAMPOS DO JORDAO),TAUBATE (TERMINAL RODOVIARIO NOVO DE TAUBATE)
5213,SAO BENTO DO SAPUCAI (TERMINAL RODOVIARIO DE SAO BENTO DO SAPUCAI),SAO JOSE DOS CAMPOS (TERMINAL RODOVIARIO FREDERICO OZANAM)
5214,LAGOINHA (CENTRO),TAUBATE (TERMINAL RODOVIARIO NOVO DE TAUBATE)
5214EX1,LAGOINHA (CENTRO),TAUBATE (TERMINAL RODOVIARIO NOVO DE TAUBATE)
5216,SAO LUIZ DO PARAITINGA (TERMINAL RODOVIARIO DE SAO LUIZ DO PARATITINGA),TAUBATE (TERMINAL RODOVIARIO NOVO DE TAUBATE)
5217,SAO LUIZ DO PARAITINGA (CATUCABA),TAUBATE (TERMINAL RODOVIARIO NOVO DE TAUBATE)
5218,SAO BENTO DO SAPUCAI (CENTRO),PINDAMONHANGABA (TERMINAL RODOVIARIO DE PINDAMONHANGABA)
5219,CAMPOS DO JORDAO (TERMINAL RODOVIARIO DE CAMPOS DO JORDAO),PINDAMONHANGABA (TERMINAL RODOVIARIO DE PINDAMONHANGABA)
522,GUARULHOS (JARDIM CUMBICA/PARQUE BRASILIA),SAO PAULO (METRO ARMENIA)
5220,TAUBATE (TERMINAL RODOVIARIO VELHO DE TAUBATE),TREMEMBE (TERMINAL RODOVIARIO DE TREMEMBE)
5221,PINDAMONHANGABA (CENTRO),TAUBATE (TERMINAL RODOVIARIO VELHO DE TAUBATE)
523,GUARULHOS (JARDIM CUMBICA/PARQUE BRASILIA),SAO PAULO (METRO ARMENIA)
524,BARUERI (TREVO DE ALPHAVILLE),SAO PAULO (TERMINAL RODOVIARIO BARRA FUNDA)
525,GUARULHOS (JARDIM SANTA PAULA),SAO PAULO (METRO ARMENIA)
526,GUARAREMA (CHACARA GUANABARA),MOGI DAS CRUZES (TERMINAL RODOVIARIO GERALDO SCAVONE)
528,CARAPICUIBA (CIDADE ARISTON),BARUERI (ALPHAVILLE)
529,ARUJA (MIRANTE),SAO PAULO (METRO ARMENIA)
530,ARUJA (PARQUE RODRIGO BARRETO),SAO PAULO (METRO ARMENIA)
5301,APARECIDA (TERMINAL RODOVIARIO DE APARECIDA),CRUZEIRO (TERMINAL RODOVIARIO DE CRUZEIRO)
5303,ROSEIRA (TERMINAL RODOVIARIO DE ROSEIRA),PINDAMONHANGABA (TERMINAL RODOVIARIO DE PINDAMONHANGABA)
5304,PIQUETE (TERMINAL RODOVIARIO DE PIQUETE),LORENA (TERMINAL RODOVIARIO DE LORENA)
5304PR1,PIQUETE (TERMINAL RODOVIARIO DE PIQUETE),LORENA (CENTRO - ETEC)
5304PR2,PIQUETE (IMBEL),LORENA (TERMINAL RODOVIARIO DE LORENA)
5305,LORENA (TERMINAL RODOVIARIO DE LORENA),SAO JOSE DOS CAMPOS (TERMINAL RODOVIARIO FREDERICO OZANAM)
5306,LORENA (TERMINAL RODOVIARIO DE LORENA),TAUBATE (TERMINAL RODOVIARIO NOVO DE TAUBATE)
5306VP1,LORENA (TERMINAL RODOVIARIO DE LORENA),APARECIDA (TERMINAL RODOVIARIO DE APARECIDA)
5307,PIQUETE (TERMINAL RODOVIARIO DE PIQUETE),CRUZEIRO (TERMINAL RODOVIARIO DE CRUZEIRO)
5308,POTIM (MIGUEL VIEIRA),APARECIDA (TERMINAL RODOVIARIO DE APARECIDA)
5308VP1,POTIM (MINAS GERAIS),APARECIDA (TERMINAL RODOVIARIO DE APARECIDA)
5309,CACHOEIRA PAULISTA (TERMINAL RODOVIARIO DE CACHOEIRA PAULISTA),CRUZEIRO (TERMINAL RODOVIARIO DE CRUZEIRO)
531,ITAPECERICA DA SERRA (RECREIO PRIMAVERA),SAO PAULO (METRO CAPAO REDONDO)
5310,CACHOEIRA PAULISTA (TERMINAL RODOVIARIO DE CACHOEIRA PAULISTA ),CRUZEIRO (TERMINAL RODOVIARIO DE CRUZEIRO)
5311,GUARATINGUETA (TERMINAL RODOVIARIO DE GUARATINGUETA),PINDAMONHANGABA (TERMINAL RODOVIARIO DE PINDAMONHANGABA)
5312,LORENA (TERMINAL RODOVIARIO DE LORENA),GUARATINGUETA (TERMINAL RODOVIARIO DE GUARATINGUETA)
5313,CACHOEIRA PAULISTA (TERMINAL RODOVIARIO DE CACHOEIRA PAULISTA),LORENA (TERMINAL RODOVIARIO DE LORENA)
5313DV1,CACHOEIRA PAULISTA (TERMINAL RODOVIARIO DE CACHOEIRA PAULISTA),LORENA (TERMINAL RODOVIARIO DE LORENA)
5316,APARECIDA (CENTRO),GUARATINGUETA (CENTRO)
5317,ROSEIRA (TERMINAL RODOVIARIO DE ROSEIRA),APARECIDA (TERMINAL RODOVIARIO DE APARECIDA)
5317DV1,ROSEIRA (TERMINAL RODOVIARIO DE ROSEIRA),APARECIDA (TERMINAL RODOVIARIO DE APARECIDA)
5318,POTIM (LOTEAMENTO DOS VIEIRAS),GUARATINGUETA (TERMINAL RODOVIARIO DE GUARATINGUETA)
5319,CUNHA (TERMINAL RODOVIARIO DE CUNHA),GUARATINGUETA (TERMINAL RODOVIARIO DE GUARATINGUETA)
532,GUARULHOS (TERMINAL METROPOLITANO TABOAO),SAO PAULO (METRO TUCURUVI)
5320,CANAS (CENTRO),LORENA (TERMINAL RODOVIARIO DE LORENA)
533,JANDIRA (JARDIM NOSSA SENHORA DE FATIMA),BARUERI (PARQUE IMPERIAL)
534,JANDIRA (JARDIM NOSSA SENHORA DE FATIMA),SANTANA DE PARNAIBA (GENESIS II)
535,GUARULHOS (PARQUE CONTINENTAL III),SAO PAULO (METRO ARMENIA)
536,FRANCO DA ROCHA (CENTRO),CAIEIRAS (VILA DOS PINHEIROS)
537,ARUJA (PARQUE RODRIGO BARRETO),GUARULHOS (JARDIM SANTA MENA)
538,ARUJA (CENTRO),GUARULHOS (AEROPORTO INTERNACIONAL DE SAO PAULO)
540,BARUERI (ALDEIA DA SERRA),COTIA (TERMINAL METROPOLITANO DE COTIA)
5401,CRUZEIRO (TERMINAL RODOVIARIO DE CRUZEIRO),SAO JOSE DOS CAMPOS (TERMINAL RODOVIARIO FREDERICO OZANAM)
5402,BANANAL (TERMINAL RODOVIARIO AQUINO CARVALHO DOS SANTOS),GUARATINGUETA (TERMINAL RODOVIARIO DE GUARATINGUETA)
5403,AREIAS (CENTRO),CRUZEIRO (TERMINAL RODOVIARIO DE CRUZEIRO)
5404,QUELUZ (TERMINAL RODOVIARIO DE QUELUZ),CRUZEIRO (TERMINAL RODOVIARIO DE CRUZEIRO)
5404PR1,QUELUZ (TERMINAL RODOVIARIO DE QUELUZ),CRUZEIRO (VILA BRASIL)
5405,LAVRINHAS (CAPELA DO JACU),CRUZEIRO (TERMINAL RODOVIARIO DE CRUZEIRO)
5406,CRUZEIRO (TERMINAL RODOVIARIO DE CRUZEIRO),SAO JOSE DOS CAMPOS (TERMINAL RODOVIARIO FREDERICO OZANAM)
5407,LORENA (TERMINAL RODOVIARIO DE LORENA),CRUZEIRO (TERMINAL RODOVIARIO DE CRUZEIRO)
5407VP1,LORENA (TERMINAL RODOVIARIO DE LORENA),CACHOEIRA PAULISTA (BAIRRO MARGEM ESQUERDA)
5407VP2,CACHOEIRA PAULISTA (TERMINAL RODOVIARIO DE CACHOEIRA PAULISTA),CRUZEIRO ((TERMINAL RODOVIARIO DE CRUZEIRO)
541,ARUJA (TERMINAL RODOVIARIO DE ARUJA),GUARULHOS (SHOPPING BONSUCESSO)
542,CARAPICUIBA (ALDEIA),SANTANA DE PARNAIBA (ALPHAVILLE 10)
543,COTIA (JARDIM SANTA ISABEL),SAO PAULO (METRO MORUMBI)
549,ARUJA (MIRANTE),SAO PAULO (SAO MIGUEL PAULISTA)
550,PIRAPORA DO BOM JESUS (JARDIM BOM JESUS),BARUERI (ALPHAVILLE 3 / BRADESCO)
5501,SAO SEBASTIAO (TERMINAL RODOVIARIO DE SAO SEBASTIAO),TAUBATE (TERMINAL RODOVIARIO NOVO DE TAUBATE)
5503,SAO SEBASTIAO (TERMINAL RODOVIARIO DE SAO SEBASTIAO),SAO JOSE DOS CAMPOS (TERMINAL RODOVIARIO FREDERICO OZANAM)
5504,CARAGUATATUBA (TERMINAL RODOVIARIO DE CARAGUATATUBA),SAO JOSE DOS CAMPOS (TERMINAL RODOVIARIO FREDERICO OZANAM)
5505,SAO SEBASTIAO (BALSA),CARAGUATATUBA (TERMINAL RODOVIARIO DE CARAGUATATUBA)
5506,UBATUBA (TERMINAL RODOVIARIO NAIM ELIAS ABDALLA),CARAGUATATUBA (TERMINAL RODOVIARIO DE CARAGUATATUBA)
5506DV1,UBATUBA (TERMINAL RODOVIARIO NAIM ELIAS ABDALLA),CARAGUATATUBA (TERMINAL RODOVIARIO DE CARAGUATATUBA)
5508,UBATUBA (TERMINAL RODOVIARIO DE UBATUBA - LITORANEA),SAO JOSE DOS CAMPOS (TERMINAL RODOVIARIO FREDERICO OZANAM)
5509,NATIVIDADE DA SERRA (BAIRRO ALTO),CARAGUATATUBA (TERMINAL RODOVIARIO DE CARAGUATATUBA)
551,EMBU DAS ARTES (JARDIM MIMAS),SAO PAULO (METRO CAPAO REDONDO)
5510,UBATUBA (TERMINAL RODOVIARIO DE UBATUBA - SAO JOSE),PINDAMONHANGABA (TERMINAL RODOVIARIO DE PINDAMONHANGABA)
5511,UBATUBA (TERMINAL RODOVIARIO DE UBATUBA - SAO JOSE),TAUBATE (TERMINAL RODOVIARIO NOVO DE TAUBATE)
551VP1,EMBU DAS ARTES (JARDIM SANTA TEREZA),SAO PAULO (METRO CAPAO REDONDO)
552,GUARULHOS (PARQUE SANTOS DUMONT),SAO PAULO (METRO ARMENIA)
555,GUARULHOS (COCAIA),SAO PAULO (METRO ARMENIA)
557,JANDIRA (JARDIM NOSSA SENHORA DE FATIMA),OSASCO (VILA YARA)
558,EMBU-GUACU (CHACARA FLORIDA),SAO PAULO (METRO CAPAO REDONDO)
559,CARAPICUIBA (COHAB V),SANTANA DE PARNAIBA (TERMINAL RODOVIARIO ALPHAVILLE)
560,OSASCO (LARGO DE OSASCO),SAO PAULO (METRO ARMENIA)
563,EMBU-GUACU (VILA LOURO),SAO PAULO (METRO CAPAO REDONDO)
564,SANTANA DE PARNAIBA (CENTRO),SAO PAULO (MORRO DOCE)
565,SANTANA DE PARNAIBA (CIDADE DE SAO PEDRO,GLEBA C) - SAO PAULO (LAPA)
566,MAIRIPORA (TERMINAL RODOVIARIO SIGUEMI AIACYDA),SAO PAULO (TERMINAL RODOVIARIO TIETE)
568,ARUJA (VILA PEDROSO),SAO PAULO (METRO ARMENIA)
572,OSASCO (JARDIM SANTA MARIA),SAO PAULO (METRO MORUMBI)
573,GUARULHOS (PARQUE CONTINENTAL II),SAO PAULO (METRO CARRAO)
574,GUARULHOS (JARDIM CUMBICA),SAO PAULO (METRO CARRAO)
578,GUARULHOS (VILA MOREIRA),SAO PAULO (METRO ARMENIA)
579,OSASCO (VILA YOLANDA),BARUERI (ALPHAVILLE / GREEN VALLEY)
580,GUARULHOS (CIDADE SOBERANA),SAO PAULO (METRO ARMENIA)
581,OSASCO (TERMINAL METROPOLITANO LUIZ BORTOLOSSO - KM 21),COTIA (KM 24 - RODOVIA RAPOSO TAVARES)
582,EMBU-GUACU (VILA DIRCE),SAO PAULO (CIPO DO MEIO)
584,GUARULHOS (PARQUE PRIMAVERA),SAO PAULO (METRO CARRAO)
585,GUARULHOS (COCAIA),SAO PAULO (METRO ARMENIA)
587,TABOAO DA SERRA (JARDIM MONTE ALEGRE),SAO PAULO (METRO CAMPO LIMPO)
588,GUARULHOS (VILA ANY),SAO PAULO (METRO ARMENIA)
589,POA (TERMINAL RODOVIARIO JARDIM SAO JOSE),SAO PAULO (PENHA)
591,GUARULHOS (JARDIM PARAISO),SAO PAULO (METRO PENHA)
591DV1,GUARULHOS (JARDIM PARAISO),SAO PAULO (METRO PENHA)
596,GUARULHOS (VILA ANY),SAO PAULO (ESTACAO CPTM SAO MIGUEL PAULISTA)
597,GUARULHOS (VILA ANY),SAO PAULO (METRO BRAS)
598,ARUJA (MIRANTE),GUARULHOS (JARDIM SANTA MENA)
600,INDAIATUBA (TERMINAL RODOVIARIO VEREADOR MAURILIO GONCALVES PINTO),CAMPINAS (TERMINAL METROPOLITANO MAGALHAES TEIXEIRA)
601,INDAIATUBA (TERMINAL RODOVIARIO VEREADOR MAURILIO GONCALVES PINTO),CAMPINAS (TERMINAL METROPOLITANO MAGALHAES TEIXEIRA)
604,PAULINIA (PAULINIA RODOVIARIA SHOPPING),CAMPINAS (TERMINAL METROPOLITANO PREFEITO MAGALHAES TEIXEIRA)
604DV1,PAULINIA (PAULINIA RODOVIARIA SHOPPING),CAMPINAS (TERMINAL METROPOLITANO PREFEITO MAGALHAES TEIXEIRA)
604EX1,PAULINIA (PAULINIA RODOVIARIA SHOPPING),CAMPINAS (SHOPPING PARQUE DOM PEDRO I)
605,PAULINIA (PAULINIA RODOVIARIA SHOPPING),CAMPINAS (TERMINAL METROPOLITANO PREFEITO MAGALHAES TEIXEIRA)
606,COSMOPOLIS (TERMINAL RODOVIARIO DE COSMOPOLIS),CAMPINAS (TERMINAL METROPOLITANO PREFEITO MAGALHAES TEIXEIRA)
606DV1,COSMOPOLIS (TERMINAL RODOVIARIO DE COSMOPOLIS),CAMPINAS (TERMINAL METROPOLITANO PREFEITO MAGALHAES TEIXEIRA)
606EX1,ARTUR NOGUEIRA (CORACAO CRIANCA),CAMPINAS (TERMINAL METROPOLITANO PREFEITO MAGALHAES TEIXEIRA)
607,COSMOPOLIS (TERMINAL RODOVIARIO DE COSMOPOLIS),CAMPINAS (SHOPPING PARQUE DOM PEDRO I)
608,COSMOPOLIS (VILA FONTANA),ENGENHEIRO COELHO (TERMINAL RODOVIARIO DE ENGENHEIRO COELHO)
609,PAULINIA (PAULINIA RODOVIARIA SHOPPING),COSMOPOLIS (TERMINAL RODOVIARIO DE COSMOPOLIS)
6101,BOITUVA (CENTRO),SOROCABA (CENTRO)
6104,CAPELA DO ALTO (JARDIM NOVA CAPELA),IPERO (CENTRO)
6105,SARAPUI (CENTRO),SOROCABA (CENTRO)
6105EX1,SARAPUI (CENTRO),SOROCABA (CENTRO)
6105EX2,SARAPUI (CENTRO),SOROCABA (UNISO - UNIP - FACENS)
6106,TIETE (CENTRO),CERQUILHO (JARDIM NOVA CERQUILHO)
6107,TIETE (CENTRO),CERQUILHO (JARDIM NOVA CERQUILHO)
6108,TATUI (CENTRO),SOROCABA (CENTRO)
6108EX1,TATUI (CENTRO),SOROCABA (FACENS)
6108EX2,TATUI (CENTRO),SOROCABA (UNIP)
6108EX3,TATUI (CENTRO),SOROCABA (UNIP)
6108EX4,CAPELA DO ALTO (CENTRO),TATUI (JARDIM AEROPORTO)
6108VP2,TATUI (CENTRO),ARACOIABA DA SERRA (CENTRO)
6109,CESARIO LANGE (HARAS DO SUL),TIETE (CENTRO)
6110,TATUI (CENTRO),SOROCABA (CENTRO)
6111,TATUI (CENTRO),SOROCABA (CENTRO)
6113,ITAPETININGA (TERMINAL RODOVIARIO DE ITAPETININGA),SOROCABA (TERMINAL RODOVIARIO DE SOROCABA)
6114,ITAPETININGA (TERMINAL RODOVIARIO DE ITAPETININGA),SOROCABA (TERMINAL RODOVIARIO DE SOROCABA)
6115,ITAPETININGA (TERMINAL RODOVIARIO DE ITAPETININGA),TATUI (TERMINAL RODOVIARIO DE TATUI)
6116,SARAPUI (CENTRO),ITAPETININGA (CENTRO)
612,JAGUARIUNA (JOAO NASSIF),CAMPINAS (TERMINAL METROPOLITANO PREFEITO MAGALHAES TEIXEIRA)
612DV1,JAGUARIUNA (JOAO NASSIF),CAMPINAS (TERMINAL METROPOLITANO PREFEITO MAGALHAES TEIXEIRA)
614,ITATIBA (TERMINAL RODOVIARIO ELIAS BAPTISTA ALVES),CAMPINAS (TERMINAL MULTIMODAL RAMOS AZEVEDO)
615,ITATIBA (TERMINAL RODOVIARIO ELIAS BAPTISTA ALVES),CAMPINAS (TERMINAL MULTIMODAL RAMOS DE AZEVEDO)
616,PEDREIRA (JARDIM ANDRADE),CAMPINAS (TERMINAL METROPOLITANO PREFEITO MAGALHAES TEIXEIRA)
617,JAGUARIUNA (CENTRO),HOLAMBRA (CENTRO)
617DV1,JAGUARIUNA (CENTRO),HOLAMBRA (CENTRO)
617PR1,JAGUARIUNA (VILA SAO JOSE),HOLAMBRA (CENTRO)
618,SANTO ANTONIO DE POSSE (JARDIM SAO JUDAS),CAMPINAS (TERMINAL METROPOLITANO PREFEITO MAGALHAES TEIXEIRA)
619,AMERICANA (TERMINAL RODOVIARIO FRANCISCO LUIZ BENDILATTI),SANTA BARBARA D OESTE (CIDADE NOVA)
619EX1,AMERICANA (TERMINAL METROPOLITANO DE AMERICANA),SANTA BARBARA D OESTE (CIDADE NOVA)
620,AMERICANA (TERMINAL RODOVIARIO FRANCISCO LUIZ BENDILATTI),SANTA BARBARA D OESTE (JARDIM MOLLON)
6201,PORTO FELIZ (CENTRO),SOROCABA (CENTRO)
6206,SALTO (CENTRO),ITU (CENTRO)
6207,SALTO (CENTRO),ITU (CENTRO)
6207VP1,SALTO (AVENIDA DOS TRABALHADORES),ITU (CENTRO)
6208,SALTO (CENTRO),SOROCABA (CENTRO)
6209,ITU (CENTRO),SOROCABA (CENTRO)
620EX1,AMERICANA (TERMINAL METROPOLITANO DE AMERICANA),SANTA BARBARA D OESTE (JARDIM MOLLON)
621,AMERICANA (TERMINAL RODOVIARIO FRANCISCO LUIZ BENDILATTI),SANTA BARBARA D OESTE (CONJ. HAB. ROBERTO ROMANO)
6211,IBIUNA (CENTRO),SOROCABA (TERMINAL RODOVIARIO DE SOROCABA)
6212,IBIUNA (CENTRO),PIEDADE (CENTRO)
6213,BOITUVA (CENTRO),TATUI (CENTRO)
6213EX1,PORTO FELIZ (CENTRO),BOITUVA (CENTRO)
6213EX2,TATUI (CENTRO),BOITUVA (FACULDADE IFSP)
6214,MAIRINQUE (JARDIM CRUZEIRO),SAO ROQUE (TERMINAL INTERMUNICIPAL ALCIDES DE SOUZA)
6215,MAIRINQUE (JARDIM CRUZEIRO),SAO ROQUE (JARDIM VILLACA)
6216,MAIRINQUE (JARDIM CRUZEIRO),SAO ROQUE (CATARINA FASHION OUTLET)
6218,SAO ROQUE (TERMINAL INTERMUNICIPAL ALCIDES DE SOUZA),IBIUNA (CENTRO)
6219,SAO ROQUE (TERMINAL INTERMUNICIPAL ALCIDES DE SOUZA),ALUMINIO (BAIRRO PEDAGIO)
622,AMERICANA (TERMINAL METROPOLITANO DE AMERICANA),SANTA BARBARA D OESTE (RODOTERMINAL DE STA BARBARA D OESTE)
6220,ALUMINIO (BAIRRO PEDAGIO),SAO ROQUE (CATARINA FASHION OUTLET)
6220EX1,SAO ROQUE (CENTRO),SAO ROQUE (CATARINA FASHION OUTLET)
6222,PORTO FELIZ (CENTRO),ITU (CENTRO)
6222BI1,PORTO FELIZ (JARDIM VANTE),ITU (CENTRO)
6222BI2,PORTO FELIZ (VILA POPULAR),ITU (CENTRO)
6223,IBIUNA (CENTRO),PIEDADE (CENTRO)
6224,MAIRINQUE (CENTRO),SOROCABA (CENTRO)
6224EX1,SAO ROQUE (CENTRO),SOROCABA (CENTRO)
6224VP1,ALUMINIO (CENTRO),SOROCABA (CENTRO)
6225,ITU (TERMINAL CIDADE NOVA - PIRAPITINGUI),SAO ROQUE (CATARINA FASHION OUTLET)
6225EX1,ARACARIGUAMA (CENTRO),ITU (TERMINAL CIDADE NOVA - PIRAPITINGUI)
6226,ITU (TERMINAL CIDADE NOVA - PIRAPITINGUI),MAIRINQUE (BAIRRO SAO JOSE)
622EX1,AMERICANA (TERMINAL RODOVIARIO FRANCISCO LUIZ BENDILATTI),SANTA BARBARA D OESTE (RODOTERMINAL DE STA BARBARA D OESTE)
623,AMERICANA (TERMINAL RODOVIARIO FRANCISCO LUIZ BENDILATTI),SANTA BARBARA D OESTE (CIDADE NOVA)
624,AMERICANA (TERMINAL RODOVIARIO FRANCISCO LUIZ BENDILATTI),SANTA BARBARA D OESTE (JARDIM EUROPA)
624DV1,AMERICANA (TERMINAL RODOVIARIO FRANCISCO LUIZ BENDILATTI),SANTA BARBARA D OESTE (JARDIM EUROPA)
625,AMERICANA (TERMINAL METROPOLITANO DE AMERICANA),SANTA BARBARA D OESTE (JARDIM EUROPA)
626,AMERICANA (TERMINAL METROPOLITANO DE AMERICANA),SANTA BARBARA D OESTE (JARDIM EUROPA)
627,AMERICANA (TERMINAL METROPOLITANO DE AMERICANA),SANTA BARBARA D OESTE (RODOTERMINAL DE STA BARBARA D OESTE)
628,AMERICANA (TERMINAL RODOVIARIO FRANCISCO LUIZ BENDILATTI),SANTA BARBARA D OESTE (RODOTERMINAL DE STA BARBARA D OESTE)
629,AMERICANA (TERMINAL METROPOLITANO DE AMERICANA),SANTA BARBARA D OESTE (SAO JOAQUIM)
629EX1,AMERICANA (TERMINAL RODOVIARIO FRANCISCO LUIZ BENDILATTI),SANTA BARBARA D OESTE (SAO JOAQUIM)
630,AMERICANA (TERMINAL RODOVIARIO FRANCISCO LUIZ BENDILATTI),SANTA BARBARA D OESTE (SAO JOAQUIM)
6301,PILAR DO SUL (BAIRRO CAMPO GRANDE),PIEDADE (CENTRO)
6302,TAPIRAI (CENTRO),PIEDADE (CENTRO)
6303,PIEDADE (CENTRO),SOROCABA (CENTRO)
6305,VOTORANTIM (CENTRO),SOROCABA (CENTRO)
6306,PIEDADE (CENTRO),SOROCABA (CENTRO)
6307,VOTORANTIM (CENTRO),SOROCABA (CENTRO)
6307DV1,VOTORANTIM (CENTRO),SOROCABA (CENTRO)
6308,VOTORANTIM (CENTRO),SOROCABA (CENTRO)
6308DV1,VOTORANTIM (CENTRO),SOROCABA (CENTRO)
6309,VOTORANTIM (JARDIM FORTALEZA),SOROCABA (CENTRO)
631,AMERICANA (TERMINAL RODOVIARIO FRANCISCO LUIZ BENDILATTI),SANTA BARBARA D OESTE (VILA RICA)
6310,VOTORANTIM (CENTRO),SOROCABA (CENTRO)
6311,VOTORANTIM (VILA NOVA),SOROCABA (CENTRO)
6312,VOTORANTIM (CENTRO),SOROCABA (CENTRO)
6314,SALTO DE PIRAPORA (BAIRRO CAMPO LARGO),SOROCABA (CENTRO)
6315,SALTO DE PIRAPORA (CAMPO LARGO),SOROCABA (CENTRO)
6315VP1,SALTO DE PIRAPORA (JARDIM PRIMAVERA),SOROCABA (CENTRO)
6316,SALTO DE PIRAPORA (CAMPO LARGO),SOROCABA (CENTRO)
6316VP1,SALTO DE PIRAPORA (JARDIM PRIMAVERA),SOROCABA (CENTRO)
6317,SALTO DE PIRAPORA (CAMPO LARGO),SOROCABA (CENTRO)
632,AMERICANA (TERMINAL RODOVIARIO FRANCISCO LUIZ BENDILATTI),SANTA BARBARA D OESTE (VILA RICA)
6320,ARACOIABA DA SERRA (MARIA PAULA ESPOSITO),SOROCABA (CENTRO)
6320BI1,ARACOIABA DA SERRA (BAIRRO FARIAS),SOROCABA (CENTRO)
6320DV1,ARACOIABA DA SERRA (MARIA PAULA ESPOSITO),SOROCABA (CENTRO)
6321,ARACOIABA DA SERRA (MARIA PAULA ESPOSITO),SOROCABA (CENTRO)
6322,IPERO (JARDIM VITORINO),BOITUVA (CENTRO)
6323,IPERO (CENTRO),TATUI (CENTRO)
6324,IPERO (CENTRO),SOROCABA (BAIRRO BOM JESUS)
6325,IPERO (CENTRO),SOROCABA (CENTRO)
6326,IPERO (PRESIDIO ODON RAMOS MARANHAO),SOROCABA (CENTRO)
6327,IPERO (VILA DO DEPOSITO),BOITUVA (CENTRO)
6328,IPERO (PRESIDIO ODON RAMOS MARANHAO),BOITUVA (CENTRO)
6329,PIEDADE (CENTRO),SOROCABA (TERMINAL RODOVIARIO DE SOROCABA)
633,SANTA BARBARA D OESTE (RODOTERMINAL DE SANTA BARBARA D OESTE),CAMPINAS (TERMINAL MULTIMODAL RAMOS DE AZEVEDO)
6330,IPERO (GEORGE OETTERER),SOROCABA (CENTRO)
6330PR1,IPERO (G. OETTERER - INDUSTRIA DE ARTEFATOS),SOROCABA (CENTRO)
6333,SAO MIGUEL ARCANJO (TERMINAL RODOVIARIO BENTO FRANCA),SOROCABA (TERMINAL RODOVIARIO DE SOROCABA)
6334,SAO MIGUEL ARCANJO (TERMINAL RODOVIARIO BENTO FRANCA),SOROCABA (TERMINAL RODOVIARIO DE SOROCABA)
6335,ARACOIABA DA SERRA (CERCADO),SOROCABA (CENTRO)
6338,PIEDADE (CENTRO),SOROCABA (CENTRO)
6339,SAO MIGUEL ARCANJO (CENTRO),ITAPETININGA (CENTRO)
633VP1,AMERICANA (TERMINAL METROPOLITANO DE AMERICANA),CAMPINAS (TERMINAL MULTIMODAL RAMOS DE AZEVEDO)
634,AMERICANA (TERMINAL RODOVIARIO FRANCISCO LUIZ BENDILATTI),NOVA ODESSA (JARDIM SANTA ROSA)
6340,SAO MIGUEL ARCANJO (CENTRO),ITAPETININGA (CENTRO)
635,AMERICANA (TERMINAL RODOVIARIO FRANCISCO LUIZ BENDILATTI),CAMPINAS (TERMINAL MULTIMODAL RAMOS DE AZEVEDO)
636,SUMARE (TERMINAL RODOVIARIO DE SUMARE),CAMPINAS (TERMINAL METROPOLITANO PREFEITO MAGALHAES TEIXEIRA)
636EX1,NOVA ODESSA (ESTACAO RODOVIARIA DONA CATHARINA FERNANDEZ WELSH),CAMPINAS (TERMINAL METROPOLITANO PREFEITO MAGALHAES TEIXEIRA)
636PR1,SUMARE (JD. JOAO PAULO II),CAMPINAS (TERMINAL METROPOLITANO PREFEITO MAGALHAES TEIXEIRA)
636PR2,SUMARE (JARDIM MACARENKO),CAMPINAS (TERMINAL METROPOLITANO PREFEITO MAGALHAES TEIXEIRA)
637,SUMARE (JARDIM LUCELIA),CAMPINAS (TERMINAL METROPOLITANO PREFEITO MAGALHAES TEIXEIRA)
638,SUMARE (JARDIM JOAO PAULO II),CAMPINAS (TERMINAL METROPOLITANO PREFEITO MAGALHAES TEIXEIRA)
639,AMERICANA (TERMINAL RODOVIARIO FRANCISCO LUIZ BENDILATTI),SUMARE (TERMINAL RODOVIARIO DE SUMARE)
640,AMERICANA (TERMINAL RODOVIARIO FRANCISCO LUIZ BENDILATTI),SUMARE (JARDIM RESIDENCIAL BORDON)
640EX1,AMERICANA (TERMINAL RODOVIARIO FRANCISCO LUIZ BENDILATTI),SUMARE (JARDIM RESIDENCIAL BORDON)
642,AMERICANA (TERMINAL RODOVIARIO FRANCISCO LUIZ BENDILATTI),CAMPINAS (UNICAMP)
644,AMERICANA (TERMINAL RODOVIARIO FRANCISCO LUIZ BENDILATTI),SUMARE (TERMINAL RODOVIARIO DE SUMARE)
647,AMERICANA (TERMINAL RODOVIARIO FRANCISCO LUIZ BENDILATTI),NOVA ODESSA (JARDIM DAS PALMEIRAS)
649,PAULINIA (CONJUNTO HABITACIONAL TEREZA Z. VEDOVELO),CAMPINAS (TERMINAL METROPOLITANO PREFEITO MAGALHAES TEIXEIRA)
649EX1,SUMARE (JARDIM NOVA TERRA),CAMPINAS (TERMINAL METROPOLITANO PREFEITO MAGALHAES TEIXEIRA)
651,SUMARE (RESIDENCIAL REAL PARQUE),CAMPINAS (TERMINAL METROPOLITANO PREFEITO MAGALHAES TEIXEIRA)
652,SUMARE (JARDIM JOAO PAULO II),CAMPINAS (UNICAMP)
652EX1,SUMARE (JARDIM DALL ORTO),CAMPINAS (UNICAMP)
652EX2,SUMARE (JARDIM DALL ORTO),CAMPINAS (CAMPINAS SHOPPING IGUATEMI)
653,SUMARE (TERMINAL RODOVIARIO DE SUMARE),CAMPINAS (UNICAMP)
654,SUMARE (TERMINAL RODOVIARIO DE SUMARE),CAMPINAS (SHOPPING IGUATEMI)
654BI1,SUMARE (PARQUE RESIDENCIAL IPIRANGA),CAMPINAS (SHOPPING IGUATEMI)
655,SUMARE (TERMINAL RODOVIARIO DE SUMARE),CAMPINAS (SHOPPING IGUATEMI)
655DV1,SUMARE (TERMINAL RODOVIARIO DE SUMARE),CAMPINAS (SHOPPING IGUATEMI)
655PR1,SUMARE (JARDIM JOAO PAULO II),CAMPINAS (SHOPPING IGUATEMI)
657,SUMARE (PARQUE IDEAL),CAMPINAS (TERMINAL METROPOLITANO PREFEITO MAGALHAES TEIXEIRA)
658,SUMARE (ESTACAO DE TRANSFERENCIA KM 110 - JARDIM MARIA ANTONIA),CAMPINAS (TERMINAL METROPOLITANO PREFEITO MAGALHAES TEIXEIRA)
659,SUMARE (PARQUE RESIDENCIAL IPIRANGA),CAMPINAS (TERMINAL METROPOLITANO PREFEITO MAGALHAES TEIXEIRA)
660,SUMARE (JARDIM SAO GERONIMO),CAMPINAS (TERMINAL METROPOLITANO PREFEITO MAGALHAES TEIXEIRA)
661,PAULINIA (CONJUNTO HABITACIONAL TEREZA Z. VEDOVELO),CAMPINAS (TERMINAL METROPOLITANO PREFEITO MAGALHAES TEIXEIRA)
662,SUMARE (JARDIM SAO GERONIMO),CAMPINAS (TERMINAL METROPOLITANO PREFEITO MAGALHAES TEIXEIRA)
663,SUMARE (PARQUE RESIDENCIAL SALERNO),CAMPINAS (TERMINAL METROPOLITANO PREFEITO MAGALHAES TEIXEIRA)
664,PAULINIA (CONJUNTO HABITACIONAL TEREZA Z. VEDOVELO),CAMPINAS (TERMINAL METROPOLITANO PREFEITO MAGALHAES TEIXEIRA)
666,SUMARE (TERMINAL RODOVIARIO DE SUMARE),PAULINIA (CENTRO)
668,SUMARE (TERMINAL RODOVIARIO DE SUMARE),HORTOLANDIA (ROSOLEM)
673,SANTO ANTONIO DE POSSE (CENTRO),HOLAMBRA (CENTRO)
673EX1,SANTO ANTONIO DE POSSE (CENTRO),HOLAMBRA (CENTRO)
673EX2,SANTO ANTONIO DE POSSE (CENTRO),HOLAMBRA (CENTRO)
674,VINHEDO (CAPELA),CAMPINAS (TERMINAL METROPOLITANO PREFEITO MAGALHAES TEIXEIRA)
674VP1,VINHEDO (CAPELA),VALINHOS (TERMINAL RODOVIARIO MARIO ROLIM TELLES)
674VP2,VINHEDO (TERMINAL RODOVIARIO DE VINHEDO),CAMPINAS (TERMINAL METROPOLITANO PREFEITO MAGALHAES TEIXEIRA)
675,VALINHOS (TERMINAL RODOVIARIO MARIO ROLIM TELLES),CAMPINAS (CENTRO)
676,VALINHOS (JARDIM DO LAGO),CAMPINAS (CENTRO)
677,VALINHOS (PARQUE DAS COLINAS),CAMPINAS (TERMINAL METROPOLITANO PREFEITO MAGALHAES TEIXEIRA)
677DV1,VALINHOS (PARQUE DAS COLINAS),CAMPINAS (TERMINAL METROPOLITANO PREFEITO MAGALHAES TEIXEIRA)
678,VALINHOS (TERMINAL RODOVIARIO MARIO ROLIM TELLES),CAMPINAS (ESCOLA DE CADETES)
679,VALINHOS (PARQUE DAS FIGUEIRAS),CAMPINAS (TREVO DA BOSCH)
680,VALINHOS (PARQUE DAS FIGUEIRAS),CAMPINAS (TREVO DA BOSCH)
680VP1,VALINHOS (TERMINAL RODOVIARIO MARIO ROLIM TELLES),CAMPINAS (TREVO DA BOSCH)
683,VALINHOS (JARDIM SAO LUIZ),CAMPINAS (TERMINAL METROPOLITANO PREFEITO MAGALHAES TEIXEIRA)
685,VALINHOS (TERMINAL RODOVIARIO MARIO ROLIM TELLES),VINHEDO (TERMINAL RODOVIARIO DE VINHEDO)
686,VINHEDO (TERMINAL RODOVIARIO DE VINHEDO),CAMPINAS (JARDIM SAO DOMINGOS)
686BI1,VINHEDO (CAPELA),CAMPINAS (JARDIM SAO DOMINGOS)
687,VINHEDO (TERMINAL RODOVIARIO DE VINHEDO),CAMPINAS (AEROPORTO INTERNACIONAL DE VIRACOPOS)
687EX1,VINHEDO (TERMINAL RODOVIARIO DE VINHEDO),CAMPINAS (JARDIM CAMPO BELO)
687EX2,VINHEDO (TERMINAL RODOVIARIO DE VINHEDO),CAMPINAS (JARDIM CAMPO BELO)
688,VINHEDO (TERMINAL RODOVIARIO DE VINHEDO),CAMPINAS (TERMINAL METROPOLITANO PREFEITO MAGALHAES TEIXEIRA)
688BI1,VINHEDO (CAPELA),CAMPINAS (TERMINAL METROPOLITANO PREFEITO MAGALHAES TEIXEIRA)
689,VALINHOS (TERMINAL RODOVIARIO MARIO ROLIM TELLES),VINHEDO (TERMINAL RODOVIARIO DE VINHEDO)
693,ARTUR NOGUEIRA (CORACAO CRIANCA),CAMPINAS (TERMINAL METROPOLITANO PREFEITO MAGALHAES TEIXEIRA)
694,HORTOLANDIA (BOA ESPERANCA),CAMPINAS (TERMINAL METROPOLITANO PREFEITO MAGALHAES TEIXEIRA)
825,SAO PAULO (SAO MIGUEL PAULISTA),GUARULHOS (CENTRO)
695,HORTOLANDIA (JARDIM SANTIAGO),CAMPINAS (TERMINAL METROPOLITANO PREFEITO MAGALHAES TEIXEIRA)
696,HORTOLANDIA (PARQUE DO HORTO),CAMPINAS (TERMINAL METROPOLITANO PREFEITO MAGALHAES TEIXEIRA)
697,HORTOLANDIA (TERMINAL METROPOLITANO HORTOLANDIA),CAMPINAS (TERMINAL METROPOLITANO PREFEITO MAGALHAES TEIXEIRA)
698,HORTOLANDIA (TERMINAL METROPOLITANO HORTOLANDIA),CAMPINAS (TERMINAL METROPOLITANO PREFEITO MAGALHAES TEIXEIRA)
699,HORTOLANDIA (NOVA HORTOLANDIA),CAMPINAS (TERMINAL METROPOLITANO PREFEITO MAGALHAES TEIXEIRA)
699BI1,HORTOLANDIA (PARQUE DOS PINHEIROS),CAMPINAS (TERMINAL METROPOLITANO PREFEITO MAGALHAES TEIXEIRA)
700,HORTOLANDIA (JARDIM AMANDA),CAMPINAS (TERMINAL METROPOLITANO PREFEITO MAGALHAES TEIXEIRA)
701,HORTOLANDIA (JARDIM AMANDA),CAMPINAS (TERMINAL METROPOLITANO PREFEITO MAGALHAES TEIXEIRA)
702,HORTOLANDIA (PARQUE ORESTE ONGARO),CAMPINAS (TERMINAL METROPOLITANO PREFEITO MAGALHAES TEIXEIRA)
703,HORTOLANDIA (JARDIM NOVO CAMBUI),CAMPINAS (TERMINAL METROPOLITANO PREFEITO MAGALHAES TEIXEIRA)
703BI1,HORTOLANDIA (JARDIM SANTA FE),CAMPINAS (TERMINAL METROPOLITANO PREFEITO MAGALHAES TEIXEIRA)
704,HORTOLANDIA (SUMAREZINHO),CAMPINAS (TERMINAL METROPOLITANO PREFEITO MAGALHAES TEIXEIRA)
705,HORTOLANDIA (JARDIM ROSOLEM),CAMPINAS (TERMINAL METROPOLITANO PREFEITO MAGALHAES TEIXEIRA)
706,HORTOLANDIA (CHACARA ASSAY),CAMPINAS (TERMINAL METROPOLITANO PREFEITO MAGALHAES TEIXEIRA)
707,HORTOLANDIA (JARDIM NOVA AMERICA),CAMPINAS (TERMINAL METROPOLITANO PREFEITO MAGALHAES TEIXEIRA)
708,MONTE MOR (TERMINAL RODOVIARIO VEREADOR GERALDO BENINI),CAMPINAS (TERMINAL METROPOLITANO PREFEITO MAGALHAES TEIXEIRA)
708BI1,MONTE MOR (JARDIM SAO SEBASTIAO),CAMPINAS (TERMINAL METROPOLITANO PREFEITO MAGALHAES TEIXEIRA)
708BI2,MONTE MOR (JARDIM PAULISTA),CAMPINAS (TERMINAL METROPOLITANO PREFEITO MAGALHAES TEIXEIRA)
709,MONTE MOR (TERMINAL RODOVIARIO DE MONTE MOR),CAMPINAS (TERMINAL METROPOLITANO PREFEITO MAGALHAES TEIXEIRA)
709EX1,MONTE MOR (JARDIM CAPUAVINHA),CAMPINAS (TERMINAL METROPOLITANO PREFEITO MAGALHAES TEIXEIRA)
714,JAGUARIUNA (DISTRITO INDUSTRIAL),CAMPINAS (TERMINAL METROPOLITANO PREFEITO MAGALHAES TEIXEIRA)
715,JAGUARIUNA (JOAO NASSIF),CAMPINAS (TERMINAL METROPOLITANO PREFEITO MAGALHAES TEIXEIRA)
719,JAGUARIUNA (TERMINAL RODOVIARIO DE JAGUARIUNA),SANTO ANTONIO DE POSSE (CENTRO)
724,VINHEDO (TERMINAL RODOVIARIO DE VINHEDO),CAMPINAS (UNICAMP)
727,VINHEDO (TERMINAL RODOVIARIO DE VINHEDO),CAMPINAS (JARDIM CAMPINEIRO)
727EX1,VINHEDO (TERMINAL RODOVIARIO DE VINHEDO),CAMPINAS (SHOPPING PARQUE DOM PEDRO I)
734,SANTO ANTONIO DE POSSE (CENTRO),CAMPINAS (TERMINAL METROPOLITANO PREFEITO MAGALHAES TEIXEIRA)
736,ARTUR NOGUEIRA (CORACAO CRIANCA),HOLAMBRA (CENTRO)
737,COSMOPOLIS (TERMINAL RODOVIARIO DE COSMOPOLIS),HOLAMBRA (CENTRO)
738,INDAIATUBA (TERMINAL RODOVIARIO VEREADOR MAURILIO GONCALVES PINTO),VINHEDO (TERMINAL RODOVIARIO DE VINHEDO)
738VP1,INDAIATUBA (TERMINAL RODOVIARIO VEREADOR MAURILIO GONCALVES PINTO),CAMPINAS (AEROPORTO INTERNACIONAL DE VIRACOPOS)
739,HORTOLANDIA (TERMINAL METROPOLITANO DE HORTOLANDIA),CAMPINAS (CAMPINAS SHOPPING CENTER)
740,SUMARE (JARDIM JOAO PAULO II),CAMPINAS (CAMPINAS SHOPPING CENTER)
741,HORTOLANDIA (TERMINAL METROPOLITANO HORTOLANDIA),CAMPINAS (TERMINAL METROPOLITANO PREFEITO MAGALHAES TEIXEIRA)
742,HORTOLANDIA (TERMINAL METROPOLITANO DE HORTOLANDIA),CAMPINAS (TERMINAL CAMPO GRANDE)
744,COSMOPOLIS (TERMINAL RODOVIARIO DE COSMOPOLIS),CAMPINAS (TERMINAL METROPOLITANO PREFEITO MAGALHAES TEIXEIRA)
745,HORTOLANDIA (TERMINAL METROPOLITANO DE HORTOLANDIA),MONTE MOR (TERMINAL RODOVIARIO DE MONTE MOR)
746,HORTOLANDIA (TERMINAL METROPOLITANO HORTOLANDIA),CAMPINAS (UNICAMP)
749,SUMARE (TERMINAL RODOVIARIO DE SUMARE),AMERICANA (TERMINAL METROPOLITANO DE AMERICANA)
750,SANTA BARBARA D OESTE (RODOTERMINAL DE SANTA BARBARA D OESTE),AMERICANA ( TERMINAL METROPOLITANO DE AMERICANA)
751,SUMARE (CEPAP),HORTOLANDIA (JARDIM AMANDA)
752,HORTOLANDIA (NOVA AMERICA),SUMARE (CECAP)
755,SUMARE (CECAP),HORTOLANDIA (JARDIM MINDA)
756,SUMARE (CECAP),NOVA ODESSA (MARAJUARA)
758,ITATIBA (TERMINAL RODOVIARIO ELIAS BAPTISTA ALVES),MORUNGABA (BAIRRO BUENOPOLIS)
800,MOGI DAS CRUZES (TERMINAL RODOVIARIO GERALDO SCAVONE),GUARULHOS (AEROPORTO INTERNACIONAL DE SAO PAULO)
802,GUARULHOS (TERMINAL METROPOLITANO TABOAO),SAO PAULO (METRO TUCURUVI)
806,ITAPECERICA DA SERRA (JARDIM MONTEZANO),ITAPECERICA DA SERRA (JARDIM DAS OLIVEIRAS)
807,ARUJA (PARQUE RODRIGO BARRETO),SAO PAULO (METRO ARMENIA)
808,JUQUITIBA (FAZENDA SAMA),ITAPECERICA DA SERRA (VALO VELHO)
809,PIRAPORA DO BOM JESUS (JARDIM BOM JESUS),BARUERI (ALDEIA DA SERRA)
810,SANTA ISABEL (JARDIM ELDORADO),ARUJA (CENTRO)
811,EMBU-GUACU (CHACARA FLORIDA),ITAPECERICA DA SERRA (VALO VELHO)
814,BARUERI (VALE DO SOL),SANTANA DE PARNAIBA (RESIDENCIAL BURLE MARX)
815,ITAPEVI (CIDADE DA SAUDE),EMBU DAS ARTES (CENTRO)
816,ARUJA (CENTRO),SAO PAULO (METRO ARMENIA)
818,BARUERI (ALPHAVILLE),SAO PAULO (METRO ARMENIA)
819,OSASCO (TERMINAL SANTA MARIA),BARUERI (ALPHAVILLE 3 / BRADESCO)
820,SANTA ISABEL (JARDIM ELDORADO),SAO PAULO (METRO ARMENIA)
821,BARUERI (SHOPPING TAMBORE),COTIA (JARDIM ROSEMARY)
822,MAIRIPORA (TERMINAL RODOVIARIO SIGUEMI AIACYDA),SAO PAULO (METRO PARADA INGLESA)
823,OSASCO (RECANTO DAS ROSAS),SAO PAULO (METRO VILA SONIA)
824,PIRAPORA DO BOM JESUS (JARDIM BOM JESUS),BARUERI (CENTRO)
824VP1,PIRAPORA DO BOM JESUS (PARQUE PAIOL),BARUERI (CENTRO)
826,POA (TERMINAL RODOVIARIO PEDRO FAVA - CIDADE KEMEL),GUARULHOS (CENTRO)
827,SANTANA DE PARNAIBA (TERMINAL RODOVIARIO DA FAZENDINHA),SAO PAULO (METRO PARAISO)
828,JANDIRA (JARDIM NOSSA SENHORA DE FATIMA),SANTANA DE PARNAIBA (TERMINAL RODOVIARIO ALPHAVILLE)
829,ITAPECERICA DA SERRA (PARQUE PARAISO),TABOAO DA SERRA (CENTRO)
831,CARAPICUIBA (JARDIM PLANALTO),BARUERI (ALPHAVILLE)
833,ITAPEVI (COHAB),SANTANA DE PARNAIBA (COLINAS DA ANHANGUERA)
834,TABOAO DA SERRA (JARDIM SAINT MORITZ),SAO PAULO (METRO CAMPO LIMPO)
835,SAO PAULO (METRO VILA SONIA),BARUERI (ALPHAVILLE/GREEN VALLEY)
836,SUZANO (JARDIM BOA VISTA),ITAQUAQUECETUBA ( ESTACAO CPTM ARACARE)
838,SAO PAULO (METRO MORUMBI),BARUERI (ALPHAVILLE / GREEN VALLEY)
838EX1,SAO PAULO (METRO MORUMBI),BARUERI (ALPHAVILLE / GREEN VALLEY)
840,OSASCO (TERMINAL METROPOLITANO LUIZ BORTOLOSSO - KM 21),SAO PAULO (METRO BUTANTA)
841,EMBU DAS ARTES (JARDIM VALO VERDE),SAO PAULO (METRO VILA SONIA)
842,COTIA (MIRANTE DA MATA),SAO PAULO (METRO MORUMBI)
843,POA (JARDIM NOVA POA),SUZANO (ESTACAO CPTM SUZANO)
845,TABOAO DA SERRA (CONDOMINIO JOAO CANDIDO),SAO PAULO (METRO CAMPO LIMPO)
850,OSASCO (TERMINAL METROPOLITANO LUIZ BORTOLOSSO - KM 21),SAO PAULO (LAPA)
850EX1,OSASCO (TERMINAL METROPOLITANO  LUIZ BORTOLOSSO - KM 21),SAO PAULO (LAPA)
852,FRANCISCO MORATO (CENTRO),SANTANA DE PARNAIBA (TERMINAL RODOVIARIO DA FAZENDINHA)
855,DIADEMA (TABOAO),SAO PAULO (JABAQUARA)
900,SAO VICENTE (JOQUEI CLUB),SANTOS (CENTRO)
901,SAO VICENTE (VILA MARGARIDA),SANTOS (CENTRO)
901BI1,SAO VICENTE (ESPLANADA DOS BARREIROS),SANTOS (CENTRO)
902,SAO VICENTE (CONJUNTO TANCREDO NEVES),SANTOS (CENTRO)
903,SAO VICENTE (JAPUI),SANTOS (PRACA DOS ANDRADAS)
904,PRAIA GRANDE (TERMINAL RODOVIARIO E URBANO TUDE BASTOS),SANTOS (CENTRO)
905,PERUIBE (TERMINAL RODOVIARIO DE PERUIBE),SAO VICENTE (TERMINAL BARREIROS)
906,CUBATAO (FABRIL),SANTOS (PONTA DA PRAIA)
907,SAO VICENTE (CONJUNTO TANCREDO NEVES),SANTOS (CENTRO)
908,SAO VICENTE (PARQUE BITARU),SANTOS (PONTA DA PRAIA)
909,GUARUJA (FERRY BOAT),CUBATAO (JARDIM CASQUEIRO)
910,PERUIBE (TERMINAL RODOVIARIO DE PERUIBE),SANTOS (TERMINAL RODOVIARIO DE SANTOS)
911,PRAIA GRANDE (TERMINAL RODOVIARIO E URBANO TATICO FRANCISCO GOMES DA SILVA),CUBATAO (USIMINAS)
911DV1,PRAIA GRANDE (TERMINAL RODOVIARIO E URBANO TATICO FRANCISCO GOMES DA SILVA),CUBATAO (USIMINAS)
912,PRAIA GRANDE (TERM. ROD. E URBANO TATICO FRANCISCO GOMES DA SILVA),CUBATAO (USIMINAS)
912BI1,PRAIA GRANDE (TERMINAL RODOVIARIO E URBANO TATICO FRANCISCO GOMES DA SILVA),CUBATAO (CENTRO)
912DV1,PRAIA GRANDE (TERM.ROD. E URBANO TATICO FRANCISCO GOMES DA SILVA),CUBATAO (USIMINAS)
913,SAO VICENTE (PARQUE DAS BANDEIRAS GLEBA II),CUBATAO (USIMINAS)
914,SAO VICENTE (HUMAITA),CUBATAO (USIMINAS)
915,SAO VICENTE (NAUTICA III),SANTOS (CANAL 4)
917,CUBATAO (USIMINAS),SANTOS (PONTA DA PRAIA)
918,CUBATAO (JARDIM  CARAGUATA),SANTOS (PONTA DA PRAIA)
919,CUBATAO (JARDIM NOVA REPUBLICA),SANTOS (PONTA DA PRAIA)
921,ITANHAEM (TERMINAL RODOVIARIO DE ITANHAEM),SANTOS (TERMINAL RODOVIARIO DE SANTOS)
925,SAO VICENTE (NAUTICA III),SANTOS (CENTRO)
927,PRAIA GRANDE (JARDIM SAMAMBAIA),SANTOS (PONTA DA PRAIA)
928,SAO VICENTE (HUMAITA),PRAIA GRANDE (TERMINAL RODOVIARIO E URBANO TUDE BASTOS)
929,BERTIOGA (RIVIERA DE SAO LOURENCO),GUARUJA (TERMINAL FERRY BOAT)
930,GUARUJA (FERRY BOAT),BERTIOGA (RIVIERA DE SAO LOURENCO)
931,PRAIA GRANDE (JARDIM SAMAMBAIA),SANTOS (PAQUETA)
932,SAO VICENTE (PARQUE DAS BANDEIRAS GLEBA II),SANTOS (PAQUETA)
933,SAO VICENTE (HUMAITA),SANTOS (PAQUETA)
933BI1,SAO VICENTE (PARQUE CONTINENTAL),SANTOS (PAQUETA)
933DV1,SAO VICENTE (HUMAITA),SANTOS (PAQUETA)
934,PRAIA GRANDE (TERMINAL RODOVIARIO E URBANO TATICO FRANCISCO GOMES DA SILVA),SANTOS (PAQUETA)
934EX1,PRAIA GRANDE (TERMINAL RODOVIARIO E URBANO TATICO FRANCISCO GOMES DA SILVA),SANTOS (PAQUETA)
936,CUBATAO (COTA 200),SANTOS (PONTA DA PRAIA)
937,PRAIA GRANDE (TERM ROD. URB. TATICO FRANCISCO GOMES DA SILVA),SAO VICENTE (SAMARITA)
938,CUBATAO (VILA ESPERANCA),SAO VICENTE (ITARARE)
939,SAO VICENTE (PARQUE CONTINENTAL),SANTOS (PAQUETA)
940,SAO VICENTE (HUMAITA),SANTOS (PONTA DA PRAIA)
941,PRAIA GRANDE (JARDIM MELVI),SANTOS (CONJUNTO ATHIE JORGE CURY)
942,SAO VICENTE (HUMAITA),SANTOS (PONTA DA PRAIA)
942VP1,SAO VICENTE (RIO BRANCO),SANTOS (PONTA DA PRAIA)
943,SAO VICENTE (PARQUE DAS BANDEIRAS GLEBA II),SANTOS (PONTA DA PRAIA)
944,SANTOS (JARDIM RADIO CLUBE),SANTOS (BOQUEIRAO)
945,SAO VICENTE (PARQUE DAS BANDEIRAS),CUBATAO (USIMINAS)
947,SAO VICENTE (HUMAITA),SANTOS (PONTA DA PRAIA)
947VP1,SAO VICENTE (RIO BRANCO),SANTOS (PONTA DA PRAIA)
948,SAO VICENTE (PARQUE DAS BANDEIRAS GLEBA II),SANTOS (PONTA DA PRAIA)
949,GUARUJA (FERRY BOAT),SANTOS (CARUARA)
949DV1,GUARUJA (FERRY BOAT),SANTOS (CARUARA)
950,SAO VICENTE (PARQUE DAS BANDEIRAS GLEBA II),CUBATAO (CENTRO)
951,GUARUJA (CENTRO),SANTOS (MONTE CABRAO)
952,SAO VICENTE (NAUTICA III),SANTOS (PONTA DA PRAIA)
953,SAO VICENTE (TERMINAL BARREIROS),SANTOS (TERMINAL PORTO)
954,CUBATAO (RESIDENCIAL VALE VERDE),SANTOS (PAQUETA)
955,PERUIBE (TERMINAL RODOVIARIO DE PERUIBE),PRAIA GRANDE (TERMINAL RODOVIARIO E URBANO TATICO FRANCISCO GOMES DA SILVA)
961,SANTOS (CARUARA),BERTIOGA (RIVIERA DE SAO LOURENCO)
